gene,n_cells_total,expr_threshold_mode,expr_threshold_value,coverage_expr,spatial_score,spatial_sign,r_mean_bg,coverage_bg,coverage_fg,warnings,p_value
ENSG00000186377,38384,detect_continuous,1e-06,0.015865985827428094,0.13298959115808018,1,0.1075086305329346,1.0,1.0,,
ENSG00000162366,38384,detect_continuous,1e-06,0.11278136723634848,0.11628617142124337,1,0.03238232305611118,1.0,1.0,,
ENSG00000123473,38384,detect_continuous,1e-06,0.006956023343059608,0.16140168995798607,-1,-0.09511490547324,1.0,0.9861111111111112,low_coverage_expr,
ENSG00000162368,38384,detect_continuous,1e-06,0.22483326385994165,0.04135199014538187,-1,-0.035811401627613274,1.0,1.0,,
ENSG00000269113,38384,detect_continuous,1e-06,0.12398395164651939,0.12160389497845868,1,0.08925717699232336,1.0,1.0,,
ENSG00000132122,38384,detect_continuous,1e-06,0.17694872863693206,0.08633489849186493,-1,-0.03604598004853389,1.0,1.0,,
ENSG00000186094,38384,detect_continuous,1e-06,0.22673509795748228,0.16113287771686685,-1,-0.09926083173673582,1.0,1.0,,
ENSG00000162373,38384,detect_continuous,1e-06,0.08292517715714881,0.10394286175630706,1,0.07658051997249117,1.0,1.0,,
ENSG00000185104,38384,detect_continuous,1e-06,0.32393705710712795,0.1358120922754187,-1,-0.10767792811644,1.0,1.0,,
ENSG00000123080,38384,detect_continuous,1e-06,0.040355356398499374,0.12139061617297729,1,0.05722657185224811,1.0,1.0,,
ENSG00000123091,38384,detect_continuous,1e-06,0.16921112963734888,0.026874712691162435,1,0.011250178084688025,1.0,1.0,,
ENSG00000085831,38384,detect_continuous,1e-06,0.047936640266777825,0.054075979837654456,1,0.008944902236022297,1.0,1.0,,
ENSG00000085832,38384,detect_continuous,1e-06,0.2487494789495623,0.09277214345853341,-1,-0.05714359161335084,1.0,1.0,,
ENSG00000117859,38384,detect_continuous,1e-06,0.388208628595248,0.06517455661593505,-1,-0.06058163658779023,1.0,1.0,,
ENSG00000078618,38384,detect_continuous,1e-06,0.2130054189245519,0.0766569161909656,-1,-0.04673588186181172,1.0,1.0,,
ENSG00000117862,38384,detect_continuous,1e-06,0.1373488953730721,0.06035417120831423,1,0.02793954267049005,1.0,1.0,,
ENSG00000198841,38384,detect_continuous,1e-06,0.022587536473530637,0.0970456092525279,1,0.08386448708421573,1.0,1.0,,
ENSG00000134717,38384,detect_continuous,1e-06,0.25515839933305545,0.03147867182751689,1,0.002277744537848269,1.0,1.0,,
ENSG00000157077,38384,detect_continuous,1e-06,0.11270320967069612,0.08025943108683616,-1,-0.022565489843789678,1.0,1.0,,
ENSG00000154222,38384,detect_continuous,1e-06,0.048587953313880786,0.046790592136173294,1,0.029428374987368514,1.0,1.0,,
ENSG00000134748,38384,detect_continuous,1e-06,0.10350666944560233,0.08004408742135591,1,0.07100974049151396,1.0,1.0,,
ENSG00000134744,38384,detect_continuous,1e-06,0.2794654022509379,0.08647139562931318,-1,-0.04547337879997825,1.0,1.0,,
ENSG00000116157,38384,detect_continuous,1e-06,0.031784076698624424,0.1277877567217292,1,0.11758270117947417,1.0,1.0,,
ENSG00000162377,38384,detect_continuous,1e-06,0.027303042934556064,0.08573382855269526,1,0.05351186036006672,1.0,1.0,,
ENSG00000162378,38384,detect_continuous,1e-06,0.15647144643601502,0.0524861148528539,-1,-0.004080701853138553,1.0,1.0,,
ENSG00000121310,38384,detect_continuous,1e-06,0.34321592330137557,0.0450852750641833,-1,-0.031535054018875526,1.0,1.0,,
ENSG00000116171,38384,detect_continuous,1e-06,0.5005210504376824,0.0684390402158403,-1,-0.0005254999487113933,1.0,1.0,,
ENSG00000157184,38384,detect_continuous,1e-06,0.10038036681950813,0.1051980514892423,1,0.08541768140109701,1.0,1.0,,
ENSG00000162384,38384,detect_continuous,1e-06,0.1771310962901209,0.058327244605863734,1,0.0371402138413238,1.0,1.0,,
ENSG00000162385,38384,detect_continuous,1e-06,0.21576698624426843,0.04257150305403698,1,0.014024893572562805,1.0,1.0,,
ENSG00000226754,38384,detect_continuous,1e-06,0.006695498124218424,0.09542569302827053,1,0.047097110003484474,1.0,1.0,low_coverage_expr,
ENSG00000157193,38384,detect_continuous,1e-06,0.0093528553563985,0.10524748153370324,1,0.05368760369948384,1.0,1.0,low_coverage_expr,
ENSG00000058804,38384,detect_continuous,1e-06,0.06419341392246769,0.07670429360533719,1,0.0012714857140379175,1.0,1.0,,
ENSG00000058799,38384,detect_continuous,1e-06,0.061457899124635264,0.07425552356285353,1,0.05152872644202364,1.0,1.0,,
ENSG00000081870,38384,detect_continuous,1e-06,0.197842851187995,0.03830567294633661,-1,-0.0049988823463126275,1.0,1.0,,
ENSG00000116212,38384,detect_continuous,1e-06,0.05679449770737807,0.054147942793413395,1,0.02317156426070557,1.0,1.0,,
ENSG00000116209,38384,detect_continuous,1e-06,0.7229053772405168,0.12250837335630833,1,0.036329664907534115,1.0,1.0,,
ENSG00000116205,38384,detect_continuous,1e-06,0.040120883701542306,0.06122360755304327,1,0.039050291759978546,1.0,1.0,,
ENSG00000215883,38384,detect_continuous,1e-06,0.020216756982075864,0.09545746891380488,1,0.07534593394001038,1.0,1.0,,
ENSG00000116221,38384,detect_continuous,1e-06,0.1342225927469779,0.05490113922276617,1,0.04275733167073944,1.0,1.0,,
ENSG00000157216,38384,detect_continuous,1e-06,0.21858065860775322,0.036856359771155096,1,0.0009071272166498329,1.0,1.0,,
ENSG00000162390,38384,detect_continuous,1e-06,0.1928928720300125,0.11781503923479822,-1,-0.05882636439833887,1.0,1.0,,
ENSG00000162391,38384,detect_continuous,1e-06,0.005627344726969571,0.0919205834483601,-1,-0.028001944570537174,1.0,0.9166666666666666,low_coverage_expr,
ENSG00000184313,38384,detect_continuous,1e-06,0.10788349312213422,0.12334561425589832,1,0.021770626657107814,1.0,1.0,,
ENSG00000243725,38384,detect_continuous,1e-06,0.0765423092955398,0.06748835969243021,1,0.04034210925177094,1.0,1.0,,
ENSG00000162396,38384,detect_continuous,1e-06,0.01818466027511463,0.06777011955314625,1,0.04793994944727104,1.0,1.0,,
ENSG00000006555,38384,detect_continuous,1e-06,0.023968320133388912,0.0442281832670451,1,0.005774505652873975,1.0,1.0,,
ENSG00000116133,38384,detect_continuous,1e-06,0.1626979991663193,0.0707212209099347,-1,-0.04249187853114769,1.0,1.0,,
ENSG00000143001,38384,detect_continuous,1e-06,0.2212380158399333,0.06757413675778974,1,0.022765229202285686,1.0,1.0,,
ENSG00000162399,38384,detect_continuous,1e-06,0.1955502292621926,0.1215718724250529,1,0.10320971768628681,1.0,1.0,,
ENSG00000162402,38384,detect_continuous,1e-06,0.34345039599833266,0.11027584922034832,-1,-0.09051915498741232,1.0,1.0,,
ENSG00000260971,38384,detect_continuous,1e-06,0.02542726135889954,0.13968111957395263,-1,-0.05361974942453851,1.0,1.0,,
ENSG00000162407,38384,detect_continuous,1e-06,0.2211077532305127,0.06303631174815266,1,0.023318460775239254,1.0,1.0,,
ENSG00000162409,38384,detect_continuous,1e-06,0.42569820758649435,0.07387283056273683,-1,-0.05514546550229042,1.0,1.0,,
ENSG00000187889,38384,detect_continuous,1e-06,0.007529178824510213,0.1620531753643722,-1,-0.0696011824976533,1.0,0.9583333333333334,low_coverage_expr,
ENSG00000173406,38384,detect_continuous,1e-06,0.13289391413088786,0.15891106266347813,-1,-0.03456082574393729,1.0,1.0,,
ENSG00000162600,38384,detect_continuous,1e-06,0.17449979157982493,0.06205108505944913,1,0.015949543527039246,1.0,1.0,,
ENSG00000184292,38384,detect_continuous,1e-06,0.37862130054189247,0.13650002022289912,-1,-0.10392060275235128,1.0,1.0,,
ENSG00000162601,38384,detect_continuous,1e-06,0.19466444351813256,0.09915229332235939,-1,-0.039508177186669206,1.0,1.0,,
ENSG00000283445,38384,detect_continuous,1e-06,0.014068361817423927,0.1545511203729293,-1,-0.026095926878289447,1.0,1.0,,
ENSG00000177606,38384,detect_continuous,1e-06,0.19250208420175072,0.09913577383380807,1,0.028040518998222106,1.0,1.0,,
ENSG00000234807,38384,detect_continuous,1e-06,0.036447478115881615,0.08273596487795876,-1,-0.06685556152701956,1.0,1.0,,
ENSG00000232453,38384,detect_continuous,1e-06,0.011358899541475615,0.11401287239484119,1,0.07244037457399682,1.0,1.0,,
ENSG00000237352,38384,detect_continuous,1e-06,0.006434972905377241,0.06486279015441924,1,0.02258494883036644,1.0,0.9444444444444444,low_coverage_expr,
ENSG00000172456,38384,detect_continuous,1e-06,0.14310650270946226,0.09908653102652362,-1,-0.07897783572401548,1.0,1.0,,
ENSG00000134709,38384,detect_continuous,1e-06,0.2203522300958733,0.04599064846613727,-1,-0.017769837155570137,1.0,1.0,,
ENSG00000162599,38384,detect_continuous,1e-06,0.35478324301792413,0.11810180965780906,-1,-0.07128999991404876,1.0,1.0,,
ENSG00000162604,38384,detect_continuous,1e-06,0.26240100041684034,0.04909469230327327,-1,-0.008315339282049548,1.0,1.0,,
ENSG00000271200,38384,detect_continuous,1e-06,0.03128907878282618,0.09559095470939659,1,0.06408835480021771,1.0,1.0,,
ENSG00000132849,38384,detect_continuous,1e-06,0.469622759483118,0.13804742876666556,-1,-0.08372209878236271,1.0,1.0,,
ENSG00000162607,38384,detect_continuous,1e-06,0.10996769487286369,0.07320101514298061,1,0.024881885779395832,1.0,1.0,,
ENSG00000116641,38384,detect_continuous,1e-06,0.14474781158816175,0.10099175514128259,-1,-0.03893422795819705,1.0,1.0,,
ENSG00000132855,38384,detect_continuous,1e-06,0.0989214255939975,0.11140228343258247,1,0.043523630472940826,1.0,1.0,,
ENSG00000125703,38384,detect_continuous,1e-06,0.09576907044601918,0.05649555069592609,1,0.007418257962742094,1.0,1.0,,
ENSG00000229537,38384,detect_continuous,1e-06,0.023238849520633598,0.16540219831089698,1,0.1276142612139222,1.0,1.0,,
ENSG00000088035,38384,detect_continuous,1e-06,0.06896102542726136,0.07169482306604415,1,0.018433050918515874,1.0,1.0,,
ENSG00000142856,38384,detect_continuous,1e-06,0.16676219258024177,0.048593608990909545,-1,-0.024011885093398848,1.0,1.0,,
ENSG00000203965,38384,detect_continuous,1e-06,0.07873072113380575,0.05961071364887359,1,0.014424220479197824,1.0,1.0,,
ENSG00000116652,38384,detect_continuous,1e-06,0.013885994164235098,0.09521529962499393,1,0.01594278982434836,1.0,1.0,,
ENSG00000079739,38384,detect_continuous,1e-06,0.19244997915798248,0.06436729221000585,-1,-0.03785241263216185,1.0,1.0,,
ENSG00000185483,38384,detect_continuous,1e-06,0.04639954147561484,0.15406901733938644,-1,-0.11171722419722924,1.0,1.0,,
ENSG00000284928,38384,detect_continuous,1e-06,0.006226552730304293,0.1268091997586869,1,0.09882772280422772,1.0,1.0,low_coverage_expr,
ENSG00000177414,38384,detect_continuous,1e-06,0.008883909962484369,0.06219934583146121,-1,-0.004860800819031759,1.0,0.8055555555555556,low_coverage_expr,
ENSG00000158966,38384,detect_continuous,1e-06,0.012427052938724469,0.1762467148604725,-1,-0.1292620213170507,1.0,1.0,,
ENSG00000162437,38384,detect_continuous,1e-06,0.110254272613589,0.08973423484928968,-1,-0.034439830224762435,1.0,1.0,,
ENSG00000162434,38384,detect_continuous,1e-06,0.3438411838265944,0.08845825641414592,-1,-0.07337207993519938,1.0,1.0,,
ENSG00000162433,38384,detect_continuous,1e-06,0.09363276365152147,0.06228380299687522,1,0.011338393926737848,1.0,1.0,,
ENSG00000116675,38384,detect_continuous,1e-06,0.07828782826177574,0.08348440769437807,-1,-0.045398565926317,1.0,1.0,,
ENSG00000213625,38384,detect_continuous,1e-06,0.4023290954564402,0.05064355531371994,-1,-0.021988252114415803,1.0,1.0,,
ENSG00000116678,38384,detect_continuous,1e-06,0.08526990412671946,0.08854470948563782,-1,-0.01566950849628325,1.0,1.0,,
ENSG00000184588,38384,detect_continuous,1e-06,0.00612234264276782,0.15743981822520925,-1,-0.05974040490864496,1.0,0.9722222222222222,low_coverage_expr,
ENSG00000118473,38384,detect_continuous,1e-06,0.37320237598999584,0.13989721749150288,-1,-0.03633817707464393,1.0,1.0,,
ENSG00000248458,38384,detect_continuous,1e-06,0.006461025427261359,0.07044157539094134,1,0.028297067464431485,1.0,0.7222222222222222,low_coverage_expr,
ENSG00000152763,38384,detect_continuous,1e-06,0.11411004585243852,0.0782227212423839,-1,-0.02488107133709848,1.0,1.0,,
ENSG00000198160,38384,detect_continuous,1e-06,0.2470039599833264,0.04889977736722062,-1,-0.031191146920486208,1.0,1.0,,
ENSG00000116704,38384,detect_continuous,1e-06,0.10298561900791997,0.07543379106562753,1,0.027612972991545925,1.0,1.0,,
ENSG00000142864,38384,detect_continuous,1e-06,0.4164235097957482,0.06414610472906729,-1,-0.03343406468958613,1.0,1.0,,
ENSG00000116717,38384,detect_continuous,1e-06,0.22399958315964985,0.09523658983482106,1,0.07027839147877564,1.0,1.0,,
ENSG00000172380,38384,detect_continuous,1e-06,0.23249270529387245,0.04788645430174545,-1,-0.02722035254690105,1.0,1.0,,
ENSG00000232284,38384,detect_continuous,1e-06,0.06153605669028762,0.10020397935561909,1,0.00437854152133002,1.0,1.0,,
ENSG00000162595,38384,detect_continuous,1e-06,0.08594726969570654,0.2021806607141428,1,0.2009792641404309,1.0,1.0,,
ENSG00000116729,38384,detect_continuous,1e-06,0.4812421842434348,0.06526464475504087,-1,-0.03030683088718687,1.0,1.0,,
ENSG00000066557,38384,detect_continuous,1e-06,0.08724989578991246,0.057273648460117225,1,0.006285865185740338,1.0,1.0,,
ENSG00000116754,38384,detect_continuous,1e-06,0.4505523134639433,0.07579512207941158,-1,-0.029038292069969034,1.0,1.0,,
ENSG00000118454,38384,detect_continuous,1e-06,0.12916840350145894,0.07524955671395944,-1,-0.01671281468904494,1.0,1.0,,
ENSG00000197568,38384,detect_continuous,1e-06,0.0731294289287203,0.091711730585837,1,0.0848745139113206,1.0,1.0,,
ENSG00000116761,38384,detect_continuous,1e-06,0.04319508128386828,0.1102411545000178,1,0.1067121855371389,1.0,1.0,,
ENSG00000229051,38384,detect_continuous,1e-06,0.010525218841183827,0.10825748726790256,1,0.033299407176766466,1.0,1.0,,
ENSG00000050628,38384,detect_continuous,1e-06,0.6357336390162568,0.16068288655625937,-1,-0.1276480583700337,1.0,1.0,,
ENSG00000235782,38384,detect_continuous,1e-06,0.029934347644852023,0.12629069848559807,1,0.052345148188412294,1.0,1.0,,
ENSG00000235079,38384,detect_continuous,1e-06,0.01623072113380575,0.12408426599217345,1,0.05548511058406122,1.0,1.0,,
ENSG00000132485,38384,detect_continuous,1e-06,0.3619216340141726,0.07642003569750937,-1,-0.010514218424660986,1.0,1.0,,
ENSG00000229956,38384,detect_continuous,1e-06,0.13870362651104626,0.11021881116091753,-1,-0.04939826152257508,1.0,1.0,,
ENSG00000172260,38384,detect_continuous,1e-06,0.04413297207169654,0.10328826709902075,1,0.0012853209759441876,1.0,1.0,,
ENSG00000286863,38384,detect_continuous,1e-06,0.041579824927052936,0.07826680090525083,1,0.010932088701343453,1.0,1.0,,
ENSG00000162620,38384,detect_continuous,1e-06,0.05947790746144227,0.05352896963665713,1,0.04235970102833479,1.0,1.0,,
ENSG00000254685,38384,detect_continuous,1e-06,0.11708003334722801,0.054103992262035515,1,0.022369386027031615,1.0,1.0,,
ENSG00000116783,38384,detect_continuous,1e-06,0.01946123384743643,0.10942177418130847,1,0.020765748495543364,1.0,1.0,,
ENSG00000272864,38384,detect_continuous,1e-06,0.009457065443934973,0.1079516939527073,1,0.08498515457981669,1.0,1.0,low_coverage_expr,
ENSG00000116791,38384,detect_continuous,1e-06,0.35465298040850357,0.039071390953616926,-1,-0.03303712517342694,1.0,1.0,,
ENSG00000162623,38384,detect_continuous,1e-06,0.14407044601917465,0.05322567554481688,1,0.03161309902442753,1.0,1.0,,
ENSG00000137968,38384,detect_continuous,1e-06,0.018705710712797,0.1276657046685401,-1,-0.005740454890849133,1.0,1.0,,
ENSG00000117054,38384,detect_continuous,1e-06,0.4341131721550646,0.06677156824132627,-1,-0.037478774573538924,1.0,1.0,,
ENSG00000137955,38384,detect_continuous,1e-06,0.2011254689453939,0.02793774646393107,1,0.02214397074471659,1.0,1.0,,
ENSG00000057468,38384,detect_continuous,1e-06,0.007607336390162567,0.1178819606773662,-1,-0.010871227469501227,1.0,0.6527777777777778,low_coverage_expr,
ENSG00000184005,38384,detect_continuous,1e-06,0.007529178824510213,0.18444215069546377,-1,-0.09081505946497691,1.0,0.7916666666666666,low_coverage_expr,
ENSG00000117069,38384,detect_continuous,1e-06,0.03772405168820342,0.12314613988743717,-1,-0.04308904741347251,1.0,1.0,,
ENSG00000142892,38384,detect_continuous,1e-06,0.1819768653605669,0.06558330410782305,-1,-0.006288915973948499,1.0,1.0,,
ENSG00000154027,38384,detect_continuous,1e-06,0.007451021258857857,0.11617993103660043,1,0.005410978531320453,1.0,0.9861111111111112,low_coverage_expr,
ENSG00000036549,38384,detect_continuous,1e-06,0.23947478115881618,0.10287257529980488,-1,-0.07142068743289692,1.0,1.0,,
ENSG00000077254,38384,detect_continuous,1e-06,0.23528032513547312,0.0816319573682206,-1,-0.0581321113640144,1.0,1.0,,
ENSG00000180488,38384,detect_continuous,1e-06,0.20302730304293456,0.06227217768519198,-1,-0.012792488847171945,1.0,1.0,,
ENSG00000162614,38384,detect_continuous,1e-06,0.03636932055022926,0.08841740923143514,1,0.05076900419078187,1.0,1.0,,
ENSG00000162613,38384,detect_continuous,1e-06,0.24260108378491038,0.07174778230121764,-1,-0.04951202397454128,1.0,1.0,,
ENSG00000162616,38384,detect_continuous,1e-06,0.09501354731137975,0.0948357170262554,1,0.08810381617145863,1.0,1.0,,
ENSG00000137960,38384,detect_continuous,1e-06,0.049942684451854936,0.13722174694689054,1,0.05337873714711702,1.0,1.0,,
ENSG00000273338,38384,detect_continuous,1e-06,0.005757607336390163,0.11191946423824888,1,0.028947963509446013,1.0,1.0,low_coverage_expr,
ENSG00000237413,38384,detect_continuous,1e-06,0.019930179241350564,0.15175434251550732,-1,-0.10107998069114649,1.0,0.9166666666666666,,
ENSG00000122420,38384,detect_continuous,1e-06,0.018106502709462277,0.13559252367359928,-1,-0.07415031707898442,1.0,1.0,,
ENSG00000137959,38384,detect_continuous,1e-06,0.034415381408920385,0.12540428015053764,-1,-0.07827801681422239,1.0,1.0,,
ENSG00000137965,38384,detect_continuous,1e-06,0.04767611504793664,0.099727589959329,-1,-0.028944976658391366,1.0,1.0,,
ENSG00000162618,38384,detect_continuous,1e-06,0.00966548561900792,0.16556195946634927,-1,-0.09408349959976886,1.0,1.0,low_coverage_expr,
ENSG00000224326,38384,detect_continuous,1e-06,0.017507294706127552,0.1213645732839132,-1,-0.08448229492197626,1.0,0.6388888888888888,,
ENSG00000234184,38384,detect_continuous,1e-06,0.08657253022092538,0.1721174753946915,1,0.025226442865310908,1.0,1.0,,
ENSG00000117114,38384,detect_continuous,1e-06,0.21305752396832014,0.09890055126618932,-1,-0.04294257589672105,1.0,1.0,,
ENSG00000230817,38384,detect_continuous,1e-06,0.005809712380158399,0.06719689097273113,-1,-0.0225159524072631,1.0,0.4583333333333333,low_coverage_expr,
ENSG00000285782,38384,detect_continuous,1e-06,0.013234681117132139,0.11219416469470835,-1,-0.06834770062344142,1.0,0.5694444444444444,,
ENSG00000233008,38384,detect_continuous,1e-06,0.2134222592746978,0.12916616206445347,-1,-0.02465864494504731,1.0,1.0,,
ENSG00000137941,38384,detect_continuous,1e-06,0.030377240516882033,0.0892604819995034,1,0.03222974581568111,1.0,1.0,,
ENSG00000271576,38384,detect_continuous,1e-06,0.018471238015839934,0.09991606358552889,1,0.08179804147113645,1.0,1.0,,
ENSG00000142875,38384,detect_continuous,1e-06,0.2595091704877032,0.05760034879532191,-1,-0.03801305000332668,1.0,1.0,,
ENSG00000203943,38384,detect_continuous,1e-06,0.02047728220091705,0.057462461723143246,-1,-0.02354042619152649,1.0,1.0,,
ENSG00000117133,38384,detect_continuous,1e-06,0.10355877448937056,0.06647850520736774,1,0.05529953165464155,1.0,1.0,,
ENSG00000174021,38384,detect_continuous,1e-06,0.5458263859941642,0.12215978308583457,1,0.0014542490679269504,1.0,1.0,,
ENSG00000122432,38384,detect_continuous,1e-06,0.04543559816590246,0.08789630890049019,1,0.02072549303678909,1.0,1.0,,
ENSG00000117151,38384,detect_continuous,1e-06,0.2684451854939558,0.055389577472314495,1,0.0040006468878985325,1.0,1.0,,
ENSG00000284882,38384,detect_continuous,1e-06,0.01995623176323468,0.06696170269708404,1,0.04009540558779775,1.0,1.0,,
ENSG00000117155,38384,detect_continuous,1e-06,0.10994164235097957,0.05021582143151756,-1,-0.02140439175689969,1.0,1.0,,
ENSG00000162643,38384,detect_continuous,1e-06,0.012765735723218008,0.07630336849931794,1,0.043996074899964537,1.0,1.0,,
ENSG00000055732,38384,detect_continuous,1e-06,0.0071644435181325555,0.13473011213344704,-1,-0.005375569888489302,1.0,1.0,low_coverage_expr,
ENSG00000097096,38384,detect_continuous,1e-06,0.06276052521884118,0.06646453551060956,1,0.015393971346286728,1.0,1.0,,
ENSG00000162642,38384,detect_continuous,1e-06,0.08636411004585244,0.06495113832561908,1,0.037825274638199596,1.0,1.0,,
ENSG00000142867,38384,detect_continuous,1e-06,0.10150062526052522,0.062247349165617465,1,0.035054305714293105,1.0,1.0,,
ENSG00000223653,38384,detect_continuous,1e-06,0.016803876615256355,0.10648284807288942,-1,-0.04746817769561448,1.0,1.0,,
ENSG00000153904,38384,detect_continuous,1e-06,0.3796634014172572,0.06942457685951403,-1,-0.05359981390849758,1.0,1.0,,
ENSG00000142871,38384,detect_continuous,1e-06,0.07742809503959984,0.08444018893643829,1,0.035596297600243604,1.0,1.0,,
ENSG00000117174,38384,detect_continuous,1e-06,0.08917778240933723,0.07954647799114639,1,0.004438490320834053,1.0,1.0,,
ENSG00000171502,38384,detect_continuous,1e-06,0.035066694456023347,0.13674829417705875,-1,-0.055413737474773316,1.0,1.0,,
ENSG00000285210,38384,detect_continuous,1e-06,0.02477594831179658,0.07631826353716852,-1,-0.05568469528453739,1.0,1.0,,
ENSG00000122417,38384,detect_continuous,1e-06,0.18968841183826596,0.09639251610997074,-1,-0.042167439857532144,1.0,1.0,,
ENSG00000097033,38384,detect_continuous,1e-06,0.22947061275531472,0.04988836595902224,-1,-0.038962638709690016,1.0,1.0,,
ENSG00000183291,38384,detect_continuous,1e-06,0.3791162984576907,0.0498143759577275,-1,-0.005225813697937975,1.0,1.0,,
ENSG00000153936,38384,detect_continuous,1e-06,0.18567632346811172,0.09111410471046429,-1,-0.04998789223367839,1.0,1.0,,
ENSG00000143013,38384,detect_continuous,1e-06,0.16905481450604418,0.04613304268746413,1,0.021007434687269164,1.0,1.0,,
ENSG00000237505,38384,detect_continuous,1e-06,0.016829929137140476,0.09968016220937817,-1,-0.00852179600092496,1.0,1.0,,
ENSG00000065243,38384,detect_continuous,1e-06,0.3546008753647353,0.08459690871531007,-1,-0.052317300661818465,1.0,1.0,,
ENSG00000137947,38384,detect_continuous,1e-06,0.11288557732388495,0.04719023357374558,1,0.024741938136650325,1.0,1.0,,
ENSG00000137944,38384,detect_continuous,1e-06,0.12747498957899125,0.04124601060371451,1,0.00013023263376109992,1.0,1.0,,
ENSG00000213516,38384,detect_continuous,1e-06,0.0515839933305544,0.09987642392254038,1,0.09307594999510574,1.0,1.0,,
ENSG00000117226,38384,detect_continuous,1e-06,0.06398499374739475,0.0751393866023184,1,0.06905904986763084,1.0,1.0,,
ENSG00000117228,38384,detect_continuous,1e-06,0.012062317632346812,0.11825806299112299,-1,-0.018320328359009215,1.0,1.0,,
ENSG00000162645,38384,detect_continuous,1e-06,0.01109837432263443,0.14125844322726272,-1,-0.05016970916650137,1.0,0.9583333333333334,,
ENSG00000162654,38384,detect_continuous,1e-06,0.006434972905377241,0.13417481568281056,-1,-0.08508149973651137,1.0,0.9166666666666666,low_coverage_expr,
ENSG00000286548,38384,detect_continuous,1e-06,0.012869945810754482,0.10198967381243747,-1,-0.07936447913277335,1.0,0.9027777777777778,,
ENSG00000197147,38384,detect_continuous,1e-06,0.08138807836598583,0.07916039242874696,1,0.029291726239535885,1.0,1.0,,
ENSG00000231999,38384,detect_continuous,1e-06,0.027954355981659025,0.15109368349457925,1,0.14840060367565375,1.0,1.0,,
ENSG00000171488,38384,detect_continuous,1e-06,0.02774593580658608,0.13292822703034296,1,0.11185446375350544,1.0,1.0,,
ENSG00000272931,38384,detect_continuous,1e-06,0.016022300958732805,0.09761045731730815,1,0.08806748973809318,1.0,1.0,,
ENSG00000171492,38384,detect_continuous,1e-06,0.1686379741558983,0.10122012401574404,-1,-0.02480744221219402,1.0,1.0,,
ENSG00000162664,38384,detect_continuous,1e-06,0.18380054189245518,0.08741758724102326,-1,-0.04134486634767541,1.0,1.0,,
ENSG00000122482,38384,detect_continuous,1e-06,0.28345143809920803,0.08968842664569678,-1,-0.0546264548746799,1.0,1.0,,
ENSG00000162669,38384,detect_continuous,1e-06,0.04765006252605252,0.1062649238672281,-1,-0.016073286325073582,1.0,1.0,,
ENSG00000097046,38384,detect_continuous,1e-06,0.010811796581909129,0.12439603586821711,-1,-0.08691176697879746,1.0,1.0,,
ENSG00000069702,38384,detect_continuous,1e-06,0.05450187578157566,0.07932202554107073,-1,-0.0156784173655753,1.0,1.0,,
ENSG00000172031,38384,detect_continuous,1e-06,0.01917465610671113,0.2353699368475371,1,0.20994649155584164,1.0,1.0,,
ENSG00000189195,38384,detect_continuous,1e-06,0.034545644018340975,0.07637731222688143,-1,-0.006254191194919546,1.0,1.0,,
ENSG00000174842,38384,detect_continuous,1e-06,0.0656263026260942,0.06602503571608019,-1,-0.01635311893010051,1.0,1.0,,
ENSG00000122484,38384,detect_continuous,1e-06,0.18030950395998332,0.09496248322906704,-1,-0.03527075594880453,1.0,1.0,,
ENSG00000067208,38384,detect_continuous,1e-06,0.2129012088370154,0.09966395281172978,-1,-0.06607332124212843,1.0,1.0,,
ENSG00000122406,38384,detect_continuous,1e-06,0.7291840350145894,0.1860024890706545,1,0.06134982693389331,1.0,1.0,,
ENSG00000154511,38384,detect_continuous,1e-06,0.019252813672363485,0.09059832001308286,-1,-0.031047536468369503,1.0,1.0,,
ENSG00000143033,38384,detect_continuous,1e-06,0.1514954147561484,0.09811568435010039,-1,-0.031132047284964732,1.0,1.0,,
ENSG00000117500,38384,detect_continuous,1e-06,0.2012557315548145,0.05860333046178373,-1,-0.001132430802579577,1.0,1.0,,
ENSG00000122483,38384,detect_continuous,1e-06,0.019721759066277617,0.14949153603233092,-1,-0.09645272040441477,1.0,1.0,,
ENSG00000223745,38384,detect_continuous,1e-06,0.235254272613589,0.10451028504609663,-1,-0.011708302698296211,1.0,1.0,,
ENSG00000117505,38384,detect_continuous,1e-06,0.11431846602751146,0.05635971254770284,1,0.03449272500024968,1.0,1.0,,
ENSG00000137942,38384,detect_continuous,1e-06,0.41230721133805753,0.07564056210574137,-1,-0.06611783096571842,1.0,1.0,,
ENSG00000137936,38384,detect_continuous,1e-06,0.1234368486869529,0.06895672247513433,1,0.019837086878256346,1.0,1.0,,
ENSG00000224093,38384,detect_continuous,1e-06,0.01784597749062109,0.07740194931841084,1,0.06930239453576088,1.0,1.0,,
ENSG00000067334,38384,detect_continuous,1e-06,0.10298561900791997,0.0793293362633145,1,0.06364972888081213,1.0,1.0,,
ENSG00000023909,38384,detect_continuous,1e-06,0.10493955814922884,0.06027388865934051,1,0.04455538050922996,1.0,1.0,,
ENSG00000198691,38384,detect_continuous,1e-06,0.031523551479783245,0.10920614230885471,-1,-0.0625255345261819,1.0,1.0,,
ENSG00000137962,38384,detect_continuous,1e-06,0.4117080033347228,0.17105352152317013,-1,-0.15255972804480458,1.0,1.0,,
ENSG00000117528,38384,detect_continuous,1e-06,0.3208889120466861,0.07010020979614962,-1,-0.05364799995479429,1.0,1.0,,
ENSG00000117525,38384,detect_continuous,1e-06,0.007451021258857857,0.11448882280085532,1,0.05215926081163729,1.0,1.0,low_coverage_expr,
ENSG00000143036,38384,detect_continuous,1e-06,0.21620987911629846,0.08399399237514954,-1,-0.024821227080079562,1.0,1.0,,
ENSG00000117519,38384,detect_continuous,1e-06,0.3778136723634848,0.06363086111856553,-1,-0.017590843671138102,1.0,1.0,,
ENSG00000235501,38384,detect_continuous,1e-06,0.01979991663192997,0.05580865175582077,1,0.016463810188666925,1.0,1.0,,
ENSG00000172339,38384,detect_continuous,1e-06,0.08946436015006252,0.0699200892384027,1,0.0500370335548697,1.0,1.0,,
ENSG00000152078,38384,detect_continuous,1e-06,0.04963005418924552,0.08336267005568931,-1,-0.05134173294735858,1.0,1.0,,
ENSG00000226026,38384,detect_continuous,1e-06,0.014902042517715715,0.07489567719779437,-1,-0.011138688468770573,1.0,1.0,,
ENSG00000122481,38384,detect_continuous,1e-06,0.10311588161734056,0.05877427249361541,1,0.04863940774383709,1.0,1.0,,
ENSG00000117569,38384,detect_continuous,1e-06,0.22582325969153813,0.11005973893017122,-1,-0.06792309354276051,1.0,1.0,,
ENSG00000188641,38384,detect_continuous,1e-06,0.19226761150479366,0.11603356242461005,-1,-0.04591251685028797,1.0,1.0,,
ENSG00000232878,38384,detect_continuous,1e-06,0.0053928720300125054,0.07962992068057398,-1,-0.0410960628542899,1.0,0.4583333333333333,low_coverage_expr,
ENSG00000162627,38384,detect_continuous,1e-06,0.10678928720300125,0.05338784379040085,1,0.008045757097525842,1.0,1.0,,
ENSG00000099260,38384,detect_continuous,1e-06,0.015605460608586912,0.13275342351640626,1,0.08491932194769664,1.0,1.0,,
ENSG00000156869,38384,detect_continuous,1e-06,0.036447478115881615,0.08195844792460437,1,0.005223355776463343,1.0,1.0,,
ENSG00000162688,38384,detect_continuous,1e-06,0.2845977490621092,0.04780637579738028,-1,-0.013608450259290784,1.0,1.0,,
ENSG00000228084,38384,detect_continuous,1e-06,0.008805752396832013,0.07457260244089063,1,0.04593053950762169,1.0,1.0,low_coverage_expr,
ENSG00000117620,38384,detect_continuous,1e-06,0.19052209253855773,0.07471380845183997,-1,-0.007067280249194262,1.0,1.0,,
ENSG00000156875,38384,detect_continuous,1e-06,0.14120466861192163,0.06572756218676264,-1,-0.0019667432183328466,1.0,1.0,,
ENSG00000156876,38384,detect_continuous,1e-06,0.0199822842851188,0.10196959711164484,-1,-0.03911512379430931,1.0,1.0,,
ENSG00000122435,38384,detect_continuous,1e-06,0.12549499791579824,0.09614313738036745,1,0.023396576222643913,1.0,1.0,,
ENSG00000122477,38384,detect_continuous,1e-06,0.012010212588578574,0.08881674707652785,1,0.02535783483841882,1.0,1.0,,
ENSG00000137992,38384,detect_continuous,1e-06,0.22894956231763236,0.051019784387717364,1,0.024379911550267728,1.0,1.0,,
ENSG00000285530,38384,detect_continuous,1e-06,0.013495206335973323,0.10108422075685757,-1,-0.014282665305383857,1.0,0.75,,
ENSG00000224616,38384,detect_continuous,1e-06,0.07232180075031264,0.08844263205863083,1,0.06468610168324984,1.0,1.0,,
ENSG00000137996,38384,detect_continuous,1e-06,0.10905585660691955,0.05466898901642821,1,0.03767619911236467,1.0,1.0,,
ENSG00000079335,38384,detect_continuous,1e-06,0.06046790329303876,0.08705379852730774,1,0.010105322702436482,1.0,1.0,,
ENSG00000162692,38384,detect_continuous,1e-06,0.017950187578157566,0.15417395779441945,-1,-0.050465210321121355,1.0,0.9861111111111112,,
ENSG00000162694,38384,detect_continuous,1e-06,0.1223165902459358,0.08115075891822296,1,0.0133166104718895,1.0,1.0,,
ENSG00000273204,38384,detect_continuous,1e-06,0.016152563568153398,0.11005320456863424,1,0.09364049500504064,1.0,1.0,,
ENSG00000162695,38384,detect_continuous,1e-06,0.14485202167569822,0.07307648792178324,-1,-0.008828650923405977,1.0,1.0,,
ENSG00000117543,38384,detect_continuous,1e-06,0.08610358482701125,0.05567687269626079,1,0.023892508733138314,1.0,1.0,,
ENSG00000233184,38384,detect_continuous,1e-06,0.08196123384743643,0.07955928414377814,1,0.011429748615176797,1.0,1.0,,
ENSG00000224613,38384,detect_continuous,1e-06,0.010916006669445602,0.08080519983829644,-1,-0.03377198609139239,1.0,0.5694444444444444,,
ENSG00000185946,38384,detect_continuous,1e-06,0.2810806586077532,0.09707558663622456,-1,-0.009364009406774624,1.0,1.0,,
ENSG00000240038,38384,detect_continuous,1e-06,0.09358065860775323,0.10044350748111339,1,0.04014963397602143,1.0,1.0,,
ENSG00000198890,38384,detect_continuous,1e-06,0.07503126302626094,0.09412774808042833,1,0.08353930164888704,1.0,1.0,,
ENSG00000162631,38384,detect_continuous,1e-06,0.012843893288870362,0.16906006268268223,-1,-0.11650928494291099,1.0,0.5972222222222222,,
ENSG00000134215,38384,detect_continuous,1e-06,0.4992965819091288,0.09971231472611054,-1,-0.07766735239225574,1.0,1.0,,
ENSG00000085491,38384,detect_continuous,1e-06,0.12067528136723635,0.05113642506440291,1,0.020361829518075372,1.0,1.0,,
ENSG00000260879,38384,detect_continuous,1e-06,0.00870154230929554,0.12030316654761535,1,0.11079871144684555,1.0,1.0,low_coverage_expr,
ENSG00000162636,38384,detect_continuous,1e-06,0.008336807002917883,0.13190360490596328,-1,-0.07244810617827889,1.0,1.0,low_coverage_expr,
ENSG00000162639,38384,detect_continuous,1e-06,0.008753647353063776,0.06244315479151485,1,0.027218800941214392,1.0,1.0,low_coverage_expr,
ENSG00000134186,38384,detect_continuous,1e-06,0.17429137140475198,0.07400715734764313,-1,-0.005495621169166697,1.0,1.0,,
ENSG00000116266,38384,detect_continuous,1e-06,0.21112963734889537,0.055191168640117,-1,-0.03647024521111322,1.0,1.0,,
ENSG00000162641,38384,detect_continuous,1e-06,0.023577532305127137,0.1282441462399348,1,0.01681672818785225,1.0,1.0,,
ENSG00000121957,38384,detect_continuous,1e-06,0.017168611921634012,0.1474001197574707,-1,-0.10824028400702096,1.0,1.0,,
ENSG00000121940,38384,detect_continuous,1e-06,0.05494476865360567,0.07578363717434053,1,0.05272782743310997,1.0,1.0,,
ENSG00000085433,38384,detect_continuous,1e-06,0.05382451021258858,0.04838620124860835,1,0.019415037084652753,1.0,1.0,,
ENSG00000197780,38384,detect_continuous,1e-06,0.09563880783659859,0.0806434037227327,1,0.06115382582565202,1.0,1.0,,
ENSG00000273382,38384,detect_continuous,1e-06,0.013729679032930387,0.10312066570955732,1,0.07134854178295469,1.0,1.0,,
ENSG00000215717,38384,detect_continuous,1e-06,0.1105408503543143,0.08225586065389365,1,0.06943920311971856,1.0,1.0,,
ENSG00000031698,38384,detect_continuous,1e-06,0.2029230929553981,0.03167254983920664,-1,-0.005017472708353256,1.0,1.0,,
ENSG00000143126,38384,detect_continuous,1e-06,0.09811379741558983,0.0594934281143122,1,0.016534237645522247,1.0,1.0,,
ENSG00000134222,38384,detect_continuous,1e-06,0.006721550646102543,0.13748691281717446,-1,-0.013206920694731764,1.0,1.0,low_coverage_expr,
ENSG00000134243,38384,detect_continuous,1e-06,0.3153918299291371,0.08283353955208676,-1,-0.058271472981638546,1.0,1.0,,
ENSG00000143106,38384,detect_continuous,1e-06,0.23892767819924968,0.04668868712156313,-1,-0.025252664307909622,1.0,1.0,,
ENSG00000143028,38384,detect_continuous,1e-06,0.07461442267611505,0.11059270018690304,1,0.07618650874794035,1.0,1.0,,
ENSG00000162650,38384,detect_continuous,1e-06,0.017819924968736973,0.09562970755309305,1,0.03328649348109205,1.0,1.0,,
ENSG00000174151,38384,detect_continuous,1e-06,0.028892246769487286,0.06649964205814571,1,0.024876117135689803,1.0,1.0,,
ENSG00000181754,38384,detect_continuous,1e-06,0.03574406002501042,0.11756236376864482,1,0.1049877033799848,1.0,1.0,,
ENSG00000065135,38384,detect_continuous,1e-06,0.18968841183826596,0.0569262190910536,-1,-0.030285457492663186,1.0,1.0,,
ENSG00000116337,38384,detect_continuous,1e-06,0.07081075448103376,0.08229176974742135,1,0.06484045040579847,1.0,1.0,,
ENSG00000168765,38384,detect_continuous,1e-06,0.1446696540225094,0.0496168682703034,1,0.0186918745977039,1.0,1.0,,
ENSG00000213366,38384,detect_continuous,1e-06,0.025036473530637766,0.08999992862602796,1,0.043652956438829174,1.0,1.0,,
ENSG00000134184,38384,detect_continuous,1e-06,0.0055231346394330975,0.14797059656435718,1,0.06464328758155624,1.0,0.9861111111111112,low_coverage_expr,
ENSG00000134202,38384,detect_continuous,1e-06,0.5914704043351396,0.14734944341188178,-1,-0.00879531155029846,1.0,1.0,,
ENSG00000184371,38384,detect_continuous,1e-06,0.006461025427261359,0.11732137132026131,1,0.005088851579845132,1.0,1.0,low_coverage_expr,
ENSG00000168710,38384,detect_continuous,1e-06,0.4304137140475198,0.05305384262460548,1,0.03400469120399789,1.0,1.0,,
ENSG00000143093,38384,detect_continuous,1e-06,0.051818466027511466,0.06871179329013268,1,0.022839458835920427,1.0,1.0,,
ENSG00000258634,38384,detect_continuous,1e-06,0.015162567736556899,0.08124891737352129,1,0.06618455115003516,1.0,1.0,,
ENSG00000197106,38384,detect_continuous,1e-06,0.009873905794080868,0.20339317208368154,1,0.19505674926217753,1.0,1.0,low_coverage_expr,
ENSG00000116396,38384,detect_continuous,1e-06,0.08443622342642768,0.13204100659514525,1,0.11771646571057046,1.0,1.0,,
ENSG00000227963,38384,detect_continuous,1e-06,0.012974155898290955,0.11017380236576824,1,0.0665344815009999,1.0,1.0,,
ENSG00000162775,38384,detect_continuous,1e-06,0.04363797415589829,0.0785763225830894,1,0.01986998517345781,1.0,1.0,,
ENSG00000224699,38384,detect_continuous,1e-06,0.048614005835764904,0.0901607104829,-1,-0.05142628786029252,1.0,1.0,,
ENSG00000168679,38384,detect_continuous,1e-06,0.07406731971654856,0.09901218217228022,1,0.06941623806936377,1.0,1.0,,
ENSG00000273373,38384,detect_continuous,1e-06,0.027276990412671946,0.09061890101555017,1,0.03229726378632881,1.0,1.0,,
ENSG00000134248,38384,detect_continuous,1e-06,0.4873905794080867,0.10765185611278136,1,0.01915043850741483,1.0,1.0,,
ENSG00000121931,38384,detect_continuous,1e-06,0.06560025010421008,0.04925124785569851,1,0.03460802448281126,1.0,1.0,,
ENSG00000156171,38384,detect_continuous,1e-06,0.1493591079616507,0.05372743393879493,-1,-0.003919391975490241,1.0,1.0,,
ENSG00000134255,38384,detect_continuous,1e-06,0.13669758232596915,0.08889401060078424,-1,-0.01728464723630344,1.0,1.0,,
ENSG00000273221,38384,detect_continuous,1e-06,0.010811796581909129,0.06659808910062914,1,0.005001669653552544,1.0,1.0,,
ENSG00000162777,38384,detect_continuous,1e-06,0.0725562734472697,0.04931803972403568,1,0.02167986724389738,1.0,1.0,,
ENSG00000173947,38384,detect_continuous,1e-06,0.037906419341392245,0.07620471778529395,1,0.04403784150166359,1.0,1.0,,
ENSG00000116455,38384,detect_continuous,1e-06,0.042934556065027094,0.06485534455359299,1,0.034991507214254564,1.0,1.0,,
ENSG00000116459,38384,detect_continuous,1e-06,0.4357544810337641,0.07980491461097601,1,0.04351131255137612,1.0,1.0,,
ENSG00000143110,38384,detect_continuous,1e-06,0.01255731554814506,0.08669553174000574,-1,-0.02532137455737011,1.0,1.0,,
ENSG00000116473,38384,detect_continuous,1e-06,0.30645581492288454,0.07255366421509644,-1,-0.05517731518336242,1.0,1.0,,
ENSG00000197852,38384,detect_continuous,1e-06,0.009717590662776157,0.10504246598753207,-1,-0.06687088785886507,1.0,1.0,low_coverage_expr,
ENSG00000064703,38384,detect_continuous,1e-06,0.04428928720300125,0.061601611373791394,1,0.045998514565812144,1.0,1.0,,
ENSG00000171385,38384,detect_continuous,1e-06,0.016334931221342226,0.1044655247537784,1,0.024692493856277458,1.0,1.0,,
ENSG00000143079,38384,detect_continuous,1e-06,0.07320758649437266,0.0801600628029534,-1,-0.03639055418232738,1.0,1.0,,
ENSG00000134245,38384,detect_continuous,1e-06,0.016491246352646937,0.14748003461719045,-1,-0.08325000609624045,1.0,1.0,,
ENSG00000007341,38384,detect_continuous,1e-06,0.12507815756565235,0.07025958499316409,-1,-0.011651683508543561,1.0,1.0,,
ENSG00000116489,38384,detect_continuous,1e-06,0.19932784493538974,0.06134818129415886,-1,-0.035820810059859945,1.0,1.0,,
ENSG00000155363,38384,detect_continuous,1e-06,0.048718215923301375,0.06868528046336493,1,0.0071632604043850145,1.0,1.0,,
ENSG00000155366,38384,detect_continuous,1e-06,0.19265839933305545,0.07283706088688519,-1,-0.025220698323473203,1.0,1.0,,
ENSG00000155367,38384,detect_continuous,1e-06,0.01401625677365569,0.07399327144674464,1,0.03583805466159714,1.0,1.0,,
ENSG00000155380,38384,detect_continuous,1e-06,0.006252605252188412,0.1374880328025262,-1,-0.02740906818457117,1.0,0.9861111111111112,low_coverage_expr,
ENSG00000226419,38384,detect_continuous,1e-06,0.005653397248853689,0.16991176340385108,-1,-0.050821061582009545,1.0,0.9027777777777778,low_coverage_expr,
ENSG00000238198,38384,detect_continuous,1e-06,0.008883909962484369,0.09208780933804575,-1,-0.05045135453752183,1.0,1.0,low_coverage_expr,
ENSG00000198799,38384,detect_continuous,1e-06,0.09246040016673614,0.08416545525558577,1,0.010448913263328079,1.0,1.0,,
ENSG00000081026,38384,detect_continuous,1e-06,0.2338213839099625,0.1357354720426308,-1,-0.106942920954092,1.0,1.0,,
ENSG00000116793,38384,detect_continuous,1e-06,0.1048874531054606,0.05776335791806432,1,0.0018862090605137967,1.0,1.0,,
ENSG00000081019,38384,detect_continuous,1e-06,0.14321071279699876,0.06138239060484553,1,0.016988860225813914,1.0,1.0,,
ENSG00000134262,38384,detect_continuous,1e-06,0.02623488953730721,0.07604814553959426,1,0.028416991109560134,1.0,1.0,,
ENSG00000118655,38384,detect_continuous,1e-06,0.007737598999583159,0.10989331342399523,1,0.01766961115820081,1.0,1.0,low_coverage_expr,
ENSG00000235527,38384,detect_continuous,1e-06,0.005731554814506044,0.07247746239723109,1,0.019511342533259105,1.0,1.0,low_coverage_expr,
ENSG00000163349,38384,detect_continuous,1e-06,0.1472749062109212,0.04831233893259927,1,0.018236781477066352,1.0,1.0,,
ENSG00000197323,38384,detect_continuous,1e-06,0.22113380575239683,0.088800315131657,-1,-0.031108859636522226,1.0,1.0,,
ENSG00000116752,38384,detect_continuous,1e-06,0.1543351396415173,0.05658132221435257,1,0.023192310862168455,1.0,1.0,,
ENSG00000175984,38384,detect_continuous,1e-06,0.013312838682784494,0.06670498459339398,-1,-0.03668638237383905,1.0,1.0,,
ENSG00000213281,38384,detect_continuous,1e-06,0.0599468528553564,0.06030886190240364,1,0.018455367350552327,1.0,1.0,,
ENSG00000009307,38384,detect_continuous,1e-06,0.47126406836181745,0.04919476851652673,-1,-0.02773463516529451,1.0,1.0,,
ENSG00000052723,38384,detect_continuous,1e-06,0.12591183826594415,0.03875488492564546,1,0.02253927612071695,1.0,1.0,,
ENSG00000173218,38384,detect_continuous,1e-06,0.0440808670279283,0.06943038535727017,-1,-0.03621536603523606,1.0,1.0,,
ENSG00000163393,38384,detect_continuous,1e-06,0.11035848270112547,0.10072260872559344,1,0.022332603986833125,1.0,1.0,,
ENSG00000173212,38384,detect_continuous,1e-06,0.013729679032930387,0.13953760660495532,1,0.10628744058325656,1.0,1.0,,
ENSG00000163399,38384,detect_continuous,1e-06,0.9161890370987912,0.17607915295754686,1,0.09293938499294047,1.0,1.0,,
ENSG00000203865,38384,detect_continuous,1e-06,0.0901417257190496,0.06622792610461843,1,0.0403240326000475,1.0,1.0,,
ENSG00000233154,38384,detect_continuous,1e-06,0.3378751563151313,0.11941776723102626,-1,-0.06516647511475965,1.0,1.0,,
ENSG00000224950,38384,detect_continuous,1e-06,0.006304710295956649,0.0739560274826112,-1,-0.020636422653586815,1.0,1.0,low_coverage_expr,
ENSG00000116815,38384,detect_continuous,1e-06,0.13630679449770738,0.07288696697226785,-1,-0.0009494207006472125,1.0,1.0,,
ENSG00000143061,38384,detect_continuous,1e-06,0.19922363484785327,0.08390894854401529,1,0.026136474390188444,1.0,1.0,,
ENSG00000134247,38384,detect_continuous,1e-06,0.058540016673614005,0.0606799128496814,1,0.02663150800444485,1.0,1.0,,
ENSG00000236137,38384,detect_continuous,1e-06,0.005913922467694873,0.09911680974560272,1,0.024693616114328954,1.0,0.8472222222222222,low_coverage_expr,
ENSG00000116830,38384,detect_continuous,1e-06,0.044471654856190077,0.07553525294831465,1,0.0029963331615308264,1.0,1.0,,
ENSG00000134253,38384,detect_continuous,1e-06,0.026703834931221342,0.07981439919078186,1,0.04073756623752345,1.0,1.0,,
ENSG00000134258,38384,detect_continuous,1e-06,0.11364110045852438,0.10308965389997182,1,0.06157128884460028,1.0,1.0,,
ENSG00000271427,38384,detect_continuous,1e-06,0.005549187161317215,0.11389361272854881,1,0.0596599669361147,1.0,0.9722222222222222,low_coverage_expr,
ENSG00000198162,38384,detect_continuous,1e-06,0.29947373905794084,0.07624728998436349,-1,-0.04239909339870017,1.0,1.0,,
ENSG00000183508,38384,detect_continuous,1e-06,0.0617965819091288,0.09968431700130377,1,0.08880319647447768,1.0,1.0,,
ENSG00000196505,38384,detect_continuous,1e-06,0.1152042517715715,0.06843280013367875,-1,-0.0050275137297321835,1.0,1.0,,
ENSG00000065183,38384,detect_continuous,1e-06,0.05603897457273864,0.0706013652683212,1,0.04846651520738264,1.0,1.0,,
ENSG00000155761,38384,detect_continuous,1e-06,0.14097019591496457,0.11338395695664227,-1,-0.034231106576674226,1.0,1.0,,
ENSG00000116874,38384,detect_continuous,1e-06,0.09472696957065443,0.06404218299014297,1,0.015603321950009066,1.0,1.0,,
ENSG00000231365,38384,detect_continuous,1e-06,0.13357127969987495,0.09764166247769096,-1,-0.04060374906101346,1.0,1.0,,
ENSG00000227712,38384,detect_continuous,1e-06,0.02886619424760317,0.14565375719071216,-1,-0.0914346427901852,1.0,0.8472222222222222,,
ENSG00000116882,38384,detect_continuous,1e-06,0.006773655689870779,0.08794350175358591,-1,-0.02064795888515747,1.0,1.0,low_coverage_expr,
ENSG00000260941,38384,detect_continuous,1e-06,0.015996248436848687,0.12484917331703159,1,0.11376127988943918,1.0,1.0,,
ENSG00000143067,38384,detect_continuous,1e-06,0.06536577740725302,0.06934410765671356,1,0.02264322643104237,1.0,1.0,,
ENSG00000092621,38384,detect_continuous,1e-06,0.2235045852438516,0.08950962876408035,1,0.07568535637776168,1.0,1.0,,
ENSG00000134240,38384,detect_continuous,1e-06,0.015683618174239265,0.08632796585480494,1,0.016611271697936875,1.0,1.0,,
ENSG00000134250,38384,detect_continuous,1e-06,0.12111817423926637,0.07153733691932349,1,0.007159849617539167,1.0,1.0,,
ENSG00000265808,38384,detect_continuous,1e-06,0.25653918299291373,0.02332538339898797,-1,-0.01112341032811967,1.0,1.0,,
ENSG00000273136,38384,detect_continuous,1e-06,0.02316069195498124,0.08400462564077833,1,0.018837818105806786,1.0,1.0,,
ENSG00000226067,38384,detect_continuous,1e-06,0.03975614839516465,0.1167353770654955,1,0.07615459120587838,1.0,1.0,,
ENSG00000171943,38384,detect_continuous,1e-06,0.01953939141308879,0.1090543981199085,1,0.016179402245331653,1.0,1.0,,
ENSG00000263590,38384,detect_continuous,1e-06,0.01641308878699458,0.07384230024036892,1,0.05946582088297213,1.0,1.0,,
ENSG00000273213,38384,detect_continuous,1e-06,0.006825760733639016,0.10002869095075295,1,0.002344667538256739,1.0,1.0,low_coverage_expr,
ENSG00000232527,38384,detect_continuous,1e-06,0.03214881200500208,0.10076622016461231,1,0.012059736694070285,1.0,1.0,,
ENSG00000266338,38384,detect_continuous,1e-06,0.023603584827011255,0.10233663259180155,-1,-0.018877208252175256,1.0,1.0,,
ENSG00000196369,38384,detect_continuous,1e-06,0.017168611921634012,0.09540717845020984,1,0.0003708566146772678,1.0,1.0,,
ENSG00000162825,38384,detect_continuous,1e-06,0.007398916215089621,0.0696909536345024,-1,-0.026966679177337898,1.0,1.0,low_coverage_expr,
ENSG00000117262,38384,detect_continuous,1e-06,0.06124947894956232,0.07712437028162779,1,0.03468087847684515,1.0,1.0,,
ENSG00000174827,38384,detect_continuous,1e-06,0.11356294289287203,0.07085237169053511,-1,-0.05560919412749594,1.0,1.0,,
ENSG00000265491,38384,detect_continuous,1e-06,0.21936223426427678,0.09043886757944629,-1,-0.060120866368471644,1.0,1.0,,
ENSG00000186141,38384,detect_continuous,1e-06,0.046373488953730724,0.053813017548548135,1,0.028750009815398554,1.0,1.0,,
ENSG00000186364,38384,detect_continuous,1e-06,0.013573363901625677,0.09872345532672323,1,0.07964509687507905,1.0,1.0,,
ENSG00000131788,38384,detect_continuous,1e-06,0.03381617340558566,0.05790337295142096,1,0.04623873720565738,1.0,1.0,,
ENSG00000131779,38384,detect_continuous,1e-06,0.08170070862859524,0.0855195111519727,1,0.07838140565595114,1.0,1.0,,
ENSG00000265241,38384,detect_continuous,1e-06,0.2725875364735306,0.054646287533190396,-1,-0.005940064290730387,1.0,1.0,,
ENSG00000234222,38384,detect_continuous,1e-06,0.013521258857857441,0.060048787655000234,1,0.03620216949724929,1.0,1.0,,
ENSG00000271601,38384,detect_continuous,1e-06,0.022822009170487705,0.07386808422266261,1,0.0603499234654697,1.0,1.0,,
ENSG00000121851,38384,detect_continuous,1e-06,0.11616819508128387,0.07730787763580209,1,0.05414878898779677,1.0,1.0,,
ENSG00000265972,38384,detect_continuous,1e-06,0.6312265527303043,0.08238705088576379,-1,-0.001352497677702616,1.0,1.0,,
ENSG00000233396,38384,detect_continuous,1e-06,0.01646519383076282,0.08244595318808089,1,0.0487192321022035,1.0,1.0,,
ENSG00000271425,38384,detect_continuous,1e-06,0.010030220925385577,0.09249545607243183,-1,-0.02171855721909662,1.0,1.0,,
ENSG00000264343,38384,detect_continuous,1e-06,0.010368903709879116,0.07019446416069482,1,0.011614086788055736,1.0,1.0,,
ENSG00000287978,38384,detect_continuous,1e-06,0.06635577323884952,0.12386321884913393,1,0.0974991442985468,1.0,1.0,,
ENSG00000268043,38384,detect_continuous,1e-06,0.061640266777824096,0.08596118048217265,1,0.019065294335677954,1.0,1.0,,
ENSG00000131791,38384,detect_continuous,1e-06,0.04587849103793247,0.05554025302258888,1,0.011136057302558946,1.0,1.0,,
ENSG00000237188,38384,detect_continuous,1e-06,0.08394122551062944,0.06285523717349194,-1,-0.008245307034660664,1.0,1.0,,
ENSG00000131781,38384,detect_continuous,1e-06,0.0351448520216757,0.05538079686401118,-1,-0.024919683902424376,1.0,1.0,,
ENSG00000131778,38384,detect_continuous,1e-06,0.011593372238432681,0.06078547649125068,1,0.025203143412054416,1.0,1.0,,
ENSG00000278811,38384,detect_continuous,1e-06,0.006148395164651938,0.05842559873358722,-1,-0.0280407905218357,1.0,0.4583333333333333,low_coverage_expr,
ENSG00000116128,38384,detect_continuous,1e-06,0.09829616506877865,0.08224846925601237,1,0.04828206094125084,1.0,1.0,,
ENSG00000162836,38384,detect_continuous,1e-06,0.09191329720716965,0.062134941154523796,1,0.021744604869105774,1.0,1.0,,
ENSG00000234190,38384,detect_continuous,1e-06,0.00724260108378491,0.08827752354341765,1,0.06038676992576539,1.0,0.8472222222222222,low_coverage_expr,
ENSG00000188092,38384,detect_continuous,1e-06,0.05804501875781576,0.07503446153309037,1,0.016599446934321183,1.0,1.0,,
ENSG00000263956,38384,detect_continuous,1e-06,0.050958732805335555,0.07827820286592108,1,0.028170650014438123,1.0,1.0,,
ENSG00000227733,38384,detect_continuous,1e-06,0.013912046686119216,0.08254402087294331,-1,-0.008855304453071597,1.0,1.0,,
ENSG00000274020,38384,detect_continuous,1e-06,0.07409337223843268,0.10713175149079698,1,0.06501193890742214,1.0,1.0,,
ENSG00000270629,38384,detect_continuous,1e-06,0.021128595248020007,0.06554625964862057,-1,-0.004110810565658041,1.0,1.0,,
ENSG00000178104,38384,detect_continuous,1e-06,0.27615673197165486,0.05302332209570926,-1,-0.028543259078251986,1.0,1.0,,
ENSG00000269713,38384,detect_continuous,1e-06,0.01740308461859108,0.07301059799331443,-1,-0.024557118723595114,1.0,1.0,,
ENSG00000274265,38384,detect_continuous,1e-06,0.17324927052938724,0.04824908241177694,-1,-0.012036779680558763,1.0,1.0,,
ENSG00000272755,38384,detect_continuous,1e-06,0.007737598999583159,0.09896512299737542,1,0.09090607468600737,1.0,1.0,low_coverage_expr,
ENSG00000286219,38384,detect_continuous,1e-06,0.02495831596498541,0.10207446751363547,1,0.008939350151323624,1.0,1.0,,
ENSG00000271383,38384,detect_continuous,1e-06,0.02654751979991663,0.09319711777787627,1,0.06776698921136234,1.0,1.0,,
ENSG00000203814,38384,detect_continuous,1e-06,0.005679449770737807,0.12013657695047374,-1,-0.07825715806634775,1.0,1.0,low_coverage_expr,
ENSG00000264207,38384,detect_continuous,1e-06,0.008857857440600251,0.10717313015584308,1,0.09645431434359203,1.0,1.0,low_coverage_expr,
ENSG00000184678,38384,detect_continuous,1e-06,0.02852751146310963,0.12451013537708071,1,0.11338263886216943,1.0,1.0,,
ENSG00000184260,38384,detect_continuous,1e-06,0.058748436848686955,0.09034001732016168,1,0.06828719241445534,1.0,1.0,,
ENSG00000178096,38384,detect_continuous,1e-06,0.10087536473530638,0.08838977672837607,1,0.06266562216876126,1.0,1.0,,
ENSG00000143368,38384,detect_continuous,1e-06,0.11064506044185077,0.07124307830970494,1,0.048583779053629456,1.0,1.0,,
ENSG00000014914,38384,detect_continuous,1e-06,0.009274697790746144,0.11940950041323067,1,0.0020690518693366805,1.0,0.9444444444444444,low_coverage_expr,
ENSG00000264522,38384,detect_continuous,1e-06,0.09912984576907044,0.06412132624873881,1,0.013559283244580757,1.0,1.0,,
ENSG00000285184,38384,detect_continuous,1e-06,0.038766152563568156,0.0772474928839151,1,0.05680937104701711,1.0,1.0,,
ENSG00000136631,38384,detect_continuous,1e-06,0.16561588161734056,0.09450060837466044,-1,-0.016738564183352136,1.0,1.0,,
ENSG00000023902,38384,detect_continuous,1e-06,0.00870154230929554,0.10819008270846381,-1,-0.03140288279722355,1.0,1.0,low_coverage_expr,
ENSG00000143401,38384,detect_continuous,1e-06,0.23311796581909128,0.042264486381766955,1,0.0018464317711788772,1.0,1.0,,
ENSG00000117362,38384,detect_continuous,1e-06,0.231294289287203,0.03940937356927311,1,0.010733010210363186,1.0,1.0,,
ENSG00000118292,38384,detect_continuous,1e-06,0.12776156731971655,0.2586816080462277,1,0.25231671501442815,1.0,1.0,,
ENSG00000159208,38384,detect_continuous,1e-06,0.020503334722801168,0.10621483857799409,1,0.0833585172556764,1.0,1.0,,
ENSG00000266472,38384,detect_continuous,1e-06,0.44971863276365154,0.08230189333566765,1,0.0016152925246464937,1.0,1.0,,
ENSG00000117360,38384,detect_continuous,1e-06,0.09040225093789078,0.0683563417040784,1,0.02568958482972146,1.0,1.0,,
ENSG00000163125,38384,detect_continuous,1e-06,0.21323989162150897,0.07903650181195425,-1,-0.034702032204373956,1.0,1.0,,
ENSG00000143374,38384,detect_continuous,1e-06,0.052756356815339724,0.07906041646082256,1,0.06682035251256481,1.0,1.0,,
ENSG00000143382,38384,detect_continuous,1e-06,0.010186536056690287,0.1270038464760219,1,0.11980717433104476,1.0,1.0,,
ENSG00000203804,38384,detect_continuous,1e-06,0.02467173822426011,0.12340374549963164,-1,-0.05393093393138573,1.0,1.0,,
ENSG00000143384,38384,detect_continuous,1e-06,0.16634535223009586,0.04300385206650549,1,0.030250542638864206,1.0,1.0,,
ENSG00000143420,38384,detect_continuous,1e-06,0.30997290537724054,0.04941954705346606,-1,-0.03986129000978367,1.0,1.0,,
ENSG00000143457,38384,detect_continuous,1e-06,0.11866923718215923,0.052553944836659996,1,0.028834060336057454,1.0,1.0,,
ENSG00000163131,38384,detect_continuous,1e-06,0.024619633180491873,0.10117630911009198,-1,-0.03757461784972957,1.0,1.0,,
ENSG00000143387,38384,detect_continuous,1e-06,0.013104418507711546,0.08324091673156983,-1,-0.0036007870134356712,1.0,1.0,,
ENSG00000143437,38384,detect_continuous,1e-06,0.09939037098791163,0.06667705733643056,1,0.012304367945918757,1.0,1.0,,
ENSG00000143379,38384,detect_continuous,1e-06,0.06322947061275531,0.07297850021966763,1,0.02082046330031619,1.0,1.0,,
ENSG00000143418,38384,detect_continuous,1e-06,0.22749062109212173,0.07040310705184612,-1,-0.03781920484815449,1.0,1.0,,
ENSG00000143412,38384,detect_continuous,1e-06,0.005731554814506044,0.1351498918506006,-1,-0.08389896011741278,1.0,1.0,low_coverage_expr,
ENSG00000143409,38384,detect_continuous,1e-06,0.050958732805335555,0.07089522845049033,1,0.05900286547310596,1.0,1.0,,
ENSG00000143363,38384,detect_continuous,1e-06,0.052600041684035016,0.059863600945444684,1,0.04815053053597941,1.0,1.0,,
ENSG00000143443,38384,detect_continuous,1e-06,0.13482180075031264,0.05874815202668898,1,0.02096681001610304,1.0,1.0,,
ENSG00000197622,38384,detect_continuous,1e-06,0.16280220925385577,0.041850328948902116,-1,-0.0015122950992876502,1.0,1.0,,
ENSG00000213190,38384,detect_continuous,1e-06,0.014875989995831597,0.09107112561651048,1,0.05453419397514211,1.0,1.0,,
ENSG00000143458,38384,detect_continuous,1e-06,0.08777094622759483,0.08422202727513255,1,0.0409303757803832,1.0,1.0,,
ENSG00000143434,38384,detect_continuous,1e-06,0.014745727386411004,0.07795226543077742,1,0.06054880731757353,1.0,1.0,,
ENSG00000163156,38384,detect_continuous,1e-06,0.06500104210087536,0.0799764857299051,1,0.07054391820392851,1.0,1.0,,
ENSG00000163155,38384,detect_continuous,1e-06,0.029725927469779076,0.06812032643148698,1,0.05278583832979367,1.0,1.0,,
ENSG00000163159,38384,detect_continuous,1e-06,0.08401938307628179,0.0634269396207007,1,0.04164663044051769,1.0,1.0,,
ENSG00000143398,38384,detect_continuous,1e-06,0.16230721133805753,0.09472769589040426,-1,-0.023454160360584547,1.0,1.0,,
ENSG00000159352,38384,detect_continuous,1e-06,0.201359941642351,0.03418003690771584,-1,-0.009293323733330848,1.0,1.0,,
ENSG00000232671,38384,detect_continuous,1e-06,0.009717590662776157,0.1391359372907341,1,0.12881984227000454,1.0,1.0,low_coverage_expr,
ENSG00000143373,38384,detect_continuous,1e-06,0.036786160900375155,0.09142794035390504,1,0.08284666699278317,1.0,1.0,,
ENSG00000143393,38384,detect_continuous,1e-06,0.1361765318882868,0.055200133290074706,1,0.015741422297353164,1.0,1.0,,
ENSG00000143390,38384,detect_continuous,1e-06,0.0389745727386411,0.08126832623890051,1,0.059818272834876035,1.0,1.0,,
ENSG00000143416,38384,detect_continuous,1e-06,0.20188099208003335,0.08237950975623157,-1,-0.057295752600632785,1.0,1.0,,
ENSG00000159377,38384,detect_continuous,1e-06,0.27175385577323885,0.044930351664338515,1,0.0014302324642977288,1.0,1.0,,
ENSG00000143442,38384,detect_continuous,1e-06,0.3245102125885786,0.09529596673207458,-1,-0.03476423341194815,1.0,1.0,,
ENSG00000143375,38384,detect_continuous,1e-06,0.14308045018757815,0.07547052718186592,1,0.022804998547525674,1.0,1.0,,
ENSG00000143367,38384,detect_continuous,1e-06,0.05382451021258858,0.09108824986002038,1,0.08320063105138881,1.0,1.0,,
ENSG00000143376,38384,detect_continuous,1e-06,0.1747603167986661,0.05435727436075783,-1,-0.002093234978320208,1.0,1.0,,
ENSG00000178796,38384,detect_continuous,1e-06,0.007919966652771988,0.16104479128552726,1,0.15109067178747468,1.0,1.0,low_coverage_expr,
ENSG00000143436,38384,detect_continuous,1e-06,0.08925593997498958,0.08801486062488868,1,0.07375002049673958,1.0,1.0,,
ENSG00000143450,38384,detect_continuous,1e-06,0.005236556898707795,0.11066035890288263,1,0.07036544607639238,1.0,1.0,low_coverage_expr,
ENSG00000182134,38384,detect_continuous,1e-06,0.013286786160900375,0.07124393792139987,1,0.05001634951349486,1.0,1.0,,
ENSG00000143365,38384,detect_continuous,1e-06,0.09363276365152147,0.10803953375746395,1,0.09615356438926309,1.0,1.0,,
ENSG00000225556,38384,detect_continuous,1e-06,0.009196540225093789,0.10390269343396419,1,0.08960707619852887,1.0,1.0,low_coverage_expr,
ENSG00000159445,38384,detect_continuous,1e-06,0.14816069195498124,0.06040290962033413,1,0.029346683272778378,1.0,1.0,,
ENSG00000285651,38384,detect_continuous,1e-06,0.006982075864943727,0.07396924550950695,-1,-0.02594561578354879,1.0,0.5,low_coverage_expr,
ENSG00000197747,38384,detect_continuous,1e-06,0.7235045852438516,0.1949430147000443,-1,-0.04747141047346862,1.0,1.0,,
ENSG00000163191,38384,detect_continuous,1e-06,0.6295591913297207,0.15123564958917257,-1,-0.056179109342936843,1.0,1.0,,
ENSG00000237975,38384,detect_continuous,1e-06,0.0894383076281784,0.10107402186819131,-1,-0.022470537021713574,1.0,1.0,,
ENSG00000163220,38384,detect_continuous,1e-06,0.012427052938724469,0.14868038451517532,-1,-0.05520544968411748,1.0,0.9861111111111112,,
ENSG00000197956,38384,detect_continuous,1e-06,0.939479991663193,0.15834379902601445,1,0.05295769091283373,1.0,1.0,,
ENSG00000196420,38384,detect_continuous,1e-06,0.010603376406836182,0.09998017513549894,1,0.0639203498505878,1.0,1.0,,
ENSG00000196154,38384,detect_continuous,1e-06,0.22009170487703208,0.1105938183808129,1,0.0037247619244350594,1.0,1.0,,
ENSG00000188015,38384,detect_continuous,1e-06,0.01867965819091288,0.16534576802354856,1,0.1325139499930313,1.0,0.9166666666666666,,
ENSG00000196754,38384,detect_continuous,1e-06,0.44724364318466026,0.24476241259763934,1,0.21587701709514037,1.0,0.9722222222222222,,
ENSG00000285867,38384,detect_continuous,1e-06,0.008441017090454356,0.08570195628615791,1,0.028488961095125886,1.0,1.0,low_coverage_expr,
ENSG00000188643,38384,detect_continuous,1e-06,0.1556117132138391,0.06666705136355058,-1,-0.009917366526608669,1.0,1.0,,
ENSG00000189334,38384,detect_continuous,1e-06,0.10191746561067111,0.10225115725497964,1,0.07196280722786606,1.0,1.0,,
ENSG00000189171,38384,detect_continuous,1e-06,0.4159545644018341,0.12098831902481061,-1,-0.0397996204905281,1.0,1.0,,
ENSG00000160678,38384,detect_continuous,1e-06,0.028709879116298458,0.11863650148488045,-1,-0.035250510993020887,1.0,1.0,,
ENSG00000272030,38384,detect_continuous,1e-06,0.010082325969153814,0.06270106310971157,1,0.03302498155193183,1.0,1.0,,
ENSG00000160679,38384,detect_continuous,1e-06,0.15602855356398498,0.050495483478110725,1,0.006209816396537424,1.0,1.0,,
ENSG00000143553,38384,detect_continuous,1e-06,0.110697165485619,0.06984771638680648,1,0.04381996533214171,1.0,1.0,,
ENSG00000143621,38384,detect_continuous,1e-06,0.2254845769070446,0.05577807080299893,-1,-0.014742667664030852,1.0,1.0,,
ENSG00000169418,38384,detect_continuous,1e-06,0.006877865777407253,0.18732444556919345,-1,-0.14324955869810838,1.0,1.0,low_coverage_expr,
ENSG00000143624,38384,detect_continuous,1e-06,0.14620675281367237,0.07297468932505566,-1,-0.0005675103540008797,1.0,1.0,,
ENSG00000143554,38384,detect_continuous,1e-06,0.025375156315131306,0.0742936023757116,1,0.030270530869190262,1.0,1.0,,
ENSG00000143614,38384,detect_continuous,1e-06,0.16139537307211338,0.07895466248956831,-1,-0.02769269325027565,1.0,1.0,,
ENSG00000198837,38384,detect_continuous,1e-06,0.053616090037515635,0.0703313045497966,1,0.024936392844526836,1.0,1.0,,
ENSG00000160741,38384,detect_continuous,1e-06,0.05249583159649854,0.07101571907901388,1,0.049270991658056866,1.0,1.0,,
ENSG00000143570,38384,detect_continuous,1e-06,0.1672311379741559,0.057692839257944946,1,0.009601477540187761,1.0,1.0,,
ENSG00000143578,38384,detect_continuous,1e-06,0.04624322634431013,0.07490284281312891,1,0.055241769217760556,1.0,1.0,,
ENSG00000143543,38384,detect_continuous,1e-06,0.38625468945393915,0.06090976464295271,-1,-0.011472077998267612,1.0,1.0,,
ENSG00000272654,38384,detect_continuous,1e-06,0.008909962484368487,0.1024271758374095,1,0.07698328482484662,1.0,1.0,low_coverage_expr,
ENSG00000143545,38384,detect_continuous,1e-06,0.33969883284701957,0.09111785222289394,-1,-0.036454985438686714,1.0,1.0,,
ENSG00000177954,38384,detect_continuous,1e-06,0.8694768653605669,0.14931909533583057,1,0.045728459033242026,1.0,1.0,,
ENSG00000143549,38384,detect_continuous,1e-06,0.24103793247186328,0.06771260028564352,-1,-0.05573505061331484,1.0,1.0,,
ENSG00000143612,38384,detect_continuous,1e-06,0.31390683618174237,0.038637094913382415,1,0.002367963576216092,1.0,1.0,,
ENSG00000143569,38384,detect_continuous,1e-06,0.1422988745310546,0.05194573472475332,1,0.0054023685508693235,1.0,1.0,,
ENSG00000143575,38384,detect_continuous,1e-06,0.235254272613589,0.05270669314414992,1,0.015868275718768768,1.0,1.0,,
ENSG00000143515,38384,detect_continuous,1e-06,0.024359107961650688,0.09546961073028926,1,0.07289728297388252,1.0,1.0,,
ENSG00000160712,38384,detect_continuous,1e-06,0.01448520216756982,0.09275793235435634,-1,-0.009401561790935474,1.0,1.0,,
