gene,coverage,A1_abs,A2_abs
0610012G03Rik,0.17738589211618258,0.17790617844528067,0.1002034440621867
1110004F10Rik,0.17219917012448133,0.17238196535628925,0.0574651714572575
1110008F13Rik,0.1421161825726141,0.14299361459924365,0.10418703545374179
1700027J19Rik,0.16338174273858921,0.16365334106964732,0.044811169473140865
1810022K09Rik,0.2505186721991701,0.2505301593184348,0.036338164048275175
1810037I17Rik,0.1716804979253112,0.17183887034240714,0.04933282499113715
1810058I24Rik,0.3454356846473029,0.3439084691670337,0.08983106334506212
2010107E04Rik,0.5798755186721992,0.5790770864949152,0.0827330310953391
2010111I01Rik,0.10114107883817428,0.10079969867737314,0.13259844962833237
2210013O21Rik,0.18672199170124482,0.18775895140976945,0.10822708265592637
2310036O22Rik,0.15715767634854771,0.15723700487077466,0.018365642820452124
2410006H16Rik,0.3947095435684647,0.3957726013239685,0.0769926680426741
2410015M20Rik,0.2920124481327801,0.29228733664534373,0.11271251916431828
2610001J05Rik,0.12655601659751037,0.12639998597046784,0.035204718458249344
2700060E02Rik,0.2837136929460581,0.28362135908466796,0.027354529425645258
2810025M15Rik,0.10632780082987552,0.10743752136218794,0.3333314810670613
2810428I15Rik,0.13900414937759337,0.13906482432162964,0.0272342503640371
2900026A02Rik,0.10062240663900415,0.10201353478380862,0.3267377258229905
Aamp,0.14730290456431536,0.14768488324899526,0.04432936106667784
Abcg2,0.10632780082987552,0.1071450432907069,0.3743015121654002
Abracl,0.1654564315352697,0.16571407750021497,0.0694168957003906
Acaa2,0.258298755186722,0.2573763470007268,0.20640459115285023
Acadl,0.2437759336099585,0.2426396524125425,0.19787267058046057
Acadm,0.11670124481327801,0.11637809894579697,0.2645251126359005
Acadvl,0.1462655601659751,0.14583313862820482,0.29418103222926145
Aco2,0.15404564315352698,0.15420176391335194,0.27191918948552823
Acot13,0.14989626556016597,0.1496559113162497,0.34448048454433927
Acta2,0.5233402489626556,0.5220257691905874,0.168268682187277
Actb,0.7883817427385892,0.789013075044099,0.01505532965607272
Actc1,0.7551867219917012,0.7549363577547932,0.06531231143544261
Actg1,0.43775933609958506,0.43868249444479784,0.060821536384226355
Actn1,0.13848547717842324,0.13830861026746846,0.11119521255077304
Actn2,0.12344398340248963,0.12280684545378945,0.4041869607170296
Actn4,0.11670124481327801,0.11680284518933337,0.10418335584002832
Actr10,0.11566390041493776,0.11623832975089342,0.1246299569556002
Actr3,0.11410788381742738,0.11475996720082815,0.17420936288703484
Adamts1,0.2012448132780083,0.20319307880002266,0.2312968611810178
Adamts2,0.15093360995850622,0.14872288459116031,0.3470908789878038
Adgrf5,0.1400414937759336,0.14270018174340424,0.5242474876744936
Adh5,0.15767634854771784,0.1583277329952833,0.1459072289831683
Adipor1,0.16441908713692946,0.16499608090347792,0.09582525610824927
Adprh,0.17323651452282157,0.17360144614927858,0.04521347325089707
Aes,0.14470954356846474,0.14404569310005602,0.10668953092391013
Ahsg,0.15300829875518673,0.15537428040606563,0.3038360238529286
Ak3,0.10529045643153527,0.10454211908911298,0.17142919425789657
Akr1a1,0.46887966804979253,0.470333136163077,0.06639250955534765
Aldh2,0.2774896265560166,0.2763059228822002,0.0994148753581971
Aldoa,0.3392116182572614,0.338603729330867,0.13804406798681002
Anapc11,0.345954356846473,0.34579630292389396,0.035453291975084004
Anapc13,0.2619294605809129,0.26175440479924417,0.12839945377115436
Anapc5,0.17219917012448133,0.17226304772887482,0.03011472096346508
Angptl2,0.19294605809128632,0.1906016650214295,0.26921518179497306
Angptl4,0.19813278008298754,0.1974514909619607,0.1450373444353723
Ankrd1,0.10269709543568464,0.1024076387599362,0.4357578800658785
Anp32a,0.13070539419087138,0.13106361956287732,0.15201431926863904
Anp32b,0.15197095435684646,0.15189560443512595,0.07519004947385141
Anxa2,0.47717842323651455,0.4771675998261272,0.10648451947524831
Anxa5,0.5518672199170125,0.5505755612092045,0.06210144340291853
Anxa6,0.22821576763485477,0.22752842079697375,0.06293171156466959
Ap2m1,0.10943983402489627,0.10985486490844457,0.0878243249319197
Ap2s1,0.22614107883817428,0.2265520547683375,0.04129440691046704
Aplp2,0.24014522821576764,0.24309459303059153,0.2899174747698504
Apoa1bp,0.11151452282157677,0.11159000688035797,0.06873001051836448
Apoe,0.8122406639004149,0.8132818223583406,0.016264786452921412
App,0.1400414937759336,0.13997868753336531,0.10840887797244399
Aprt,0.2245850622406639,0.2258832015938797,0.11737713624387183
Aqp1,0.1483402489626556,0.14888840029165515,0.3318670592504962
Arf1,0.3112033195020747,0.3118651548891852,0.08549926763032709
Arf4,0.3013485477178423,0.3008859517817158,0.09105318232343901
Arf5,0.29564315352697096,0.2957399544597742,0.04602360098679805
Arhgdia,0.3013485477178423,0.3014219372703466,0.03816857942941241
Arl1,0.12966804979253113,0.12894390978885756,0.07301747974150281
Arl4a,0.11255186721991702,0.1134995240099733,0.23410986049033278
Arl6ip1,0.15300829875518673,0.15379205762777076,0.11580231413906193
Arl6ip5,0.11047717842323651,0.11099904113047748,0.12872098737593654
Arpc1a,0.15508298755186722,0.15514253440344625,0.07287573150604519
Arpc1b,0.4699170124481328,0.47183349780996553,0.08359912273102364
Arpc2,0.46213692946058094,0.4632289846606406,0.04892155255686545
Arpc3,0.3869294605809129,0.3900556627407808,0.1908600456370106
Arpc5,0.19553941908713693,0.19658574950209787,0.11912326362955998
Arpc5l,0.10684647302904564,0.10737980275312396,0.12228894563278014
Arpp19,0.3029045643153527,0.3042112217561614,0.09795047732983535
Aspn,0.31068464730290457,0.3057224141557678,0.34651303021719415
Atcayos,0.1037344398340249,0.1032717513914288,0.485108702609308
Atf3,0.14937759336099585,0.15042272097291995,0.17549921699363624
Atf4,0.24948132780082988,0.2494651062296581,0.023819646932479004
Atox1,0.3947095435684647,0.3963602585235871,0.07584109444707643
Atp1a1,0.13226141078838174,0.1328320758290946,0.19233013620823877
Atp1b1,0.1037344398340249,0.103211314468383,0.36473002684886957
Atp1b3,0.1991701244813278,0.20130747668391127,0.22838080064870522
Atp2a2,0.20072614107883818,0.20011334199155112,0.22284549605893422
Atp2b1,0.11566390041493776,0.11597042140713695,0.029430998091184952
Atp5a1,0.5378630705394191,0.537322371333865,0.10504465436762635
Atp5b,0.6913900414937759,0.6910750961535365,0.056535776072719
Atp5c1,0.5311203319502075,0.5313211009025398,0.08013815009553878
Atp5d,0.5456431535269709,0.5460693145924398,0.10020837047174912
Atp5e,0.48443983402489627,0.4843946811593108,0.10278043824106478
Atp5f1,0.4948132780082988,0.4943312523918826,0.09767627546850202
Atp5g1,0.5098547717842323,0.5093464387096206,0.13327701249952553
Atp5g3,0.42012448132780084,0.41989482336821016,0.11927590130785108
Atp5h,0.5570539419087137,0.5569941783355755,0.10803043798144002
Atp5j,0.7359958506224067,0.7372604528745563,0.06442758238976325
Atp5j2,0.6130705394190872,0.6126983491958667,0.07099028542633357
Atp5k,0.6493775933609959,0.6494844196869197,0.0989139693019344
Atp5l,0.12551867219917012,0.12544957415067015,0.1072210121597534
Atp5o,0.5726141078838174,0.5731001587608531,0.10143233009688395
Atp6ap1,0.10943983402489627,0.1099209130401484,0.0946816809839357
Atp6v0b,0.17634854771784234,0.17715627141820256,0.1230556823785805
Atp6v0d1,0.1312240663900415,0.13178837281606257,0.05330820420682241
Atp6v0e,0.31016597510373445,0.3104744042314049,0.048198677656877804
Atp6v1a,0.12344398340248963,0.12404016010412737,0.0997249075257095
Atp6v1e1,0.14678423236514523,0.14720380980112593,0.10698719977542645
Atp6v1f,0.33973029045643155,0.34065352226812895,0.07317947975143148
Atp6v1g1,0.2074688796680498,0.20809689976348425,0.09710196999227302
Atpif1,0.6737551867219918,0.6749750320337122,0.07367075293329751
Atraid,0.17012448132780084,0.17010692650181564,0.04542655046161024
Atxn10,0.17219917012448133,0.17249118697151028,0.031498267244466624
Atxn7l3b,0.17064315352697096,0.17127756014336495,0.09906061688738253
Aup1,0.13226141078838174,0.13221002040665383,0.022935248764233085
Aurkaip1,0.1400414937759336,0.1403952260350252,0.08516361546255835
Axl,0.1566390041493776,0.15579670537435342,0.16971696634521158
Azin1,0.13018672199170125,0.13031495382690803,0.062485888567074016
B2m,0.49688796680497926,0.49960172489371285,0.130667198160004
BC031181,0.10995850622406639,0.11039011787082356,0.066559395377677
BC100530,0.17531120331950206,0.17581360945421745,0.08520391272484752
Bad,0.10943983402489627,0.1098593309603693,0.09190167020387156
Bag1,0.12396265560165975,0.12385342079448251,0.10037986563396231
Banf1,0.2474066390041494,0.24783960093398533,0.09750764599544183
Bax,0.14263485477178423,0.14313842941544275,0.0628444953204421
Bcam,0.13018672199170125,0.13100576049911478,0.19041920122360037
Bcap31,0.13226141078838174,0.13290731605744038,0.0868562202106017
Bcas2,0.1358921161825726,0.13631031950429637,0.03879216512322284
Bex3,0.23807053941908712,0.23837546602609375,0.06682947707609256
Bfar,0.10114107883817428,0.10097793566878434,0.06727511268104722
Bgn,0.5985477178423236,0.5947768901002919,0.15353054164482172
Blvrb,0.14937759336099585,0.15061412397940888,0.13177527676285064
Bmp1,0.11099585062240663,0.11055454990206409,0.08623549324948626
Bnip2,0.10010373443983403,0.10069701102550374,0.10502578826955672
Bnip3,0.10321576763485477,0.10306547948472802,0.1446178953418978
Bnip3l,0.15767634854771784,0.1582371891605705,0.06841150504173084
Bola2,0.1592323651452282,0.15934655950349108,0.04845926138828226
Borcs7,0.125,0.12508028609563193,0.07024987456729263
Brd2,0.10684647302904564,0.10713714075957657,0.10185775107562679
Brd9,0.12188796680497925,0.12233095776672938,0.06374709335596208
Bri3,0.17427385892116182,0.17402596795100664,0.08567521883923128
Brk1,0.28734439834024894,0.2881174106333165,0.07195233422355769
Bsg,0.3215767634854772,0.321091212648381,0.054821752522359
Bst2,0.11410788381742738,0.11633064791900409,0.4314563833718675
Btf3,0.37396265560165975,0.374474258560354,0.0607739602596451
Btg2,0.19553941908713693,0.19653458403107318,0.1215564318267536
Bub3,0.11410788381742738,0.11461137717486951,0.10067318675005592
Bud31,0.1862033195020747,0.18710268872755795,0.08544383892334678
C1d,0.14107883817427386,0.14137932653942853,0.05334610689683348
C1qb,0.1146265560165975,0.11648423048482838,0.30876415481885483
C1qbp,0.13433609958506224,0.1342688699199568,0.11851383986298741
Cacybp,0.10736514522821576,0.10748922342812792,0.087416903872957
Cald1,0.3112033195020747,0.30940783721962595,0.1923750235924941
Calm1,0.8449170124481328,0.8466228053821961,0.047430431381123295
Calm2,0.45902489626556015,0.46037245033473756,0.033392926446308854
Calm3,0.18049792531120332,0.18079469421720792,0.046997363320202504
Calr,0.19865145228215766,0.19838721618665767,0.045399597321729684
Calu,0.23029045643153526,0.22928442942572244,0.11083652777258342
Camta1,0.13848547717842324,0.13904562587362354,0.12298584986918722
Canx,0.12655601659751037,0.12676839398852083,0.08030336440864436
Capg,0.10114107883817428,0.10159242253062692,0.05823664089850565
Capn2,0.1504149377593361,0.15078136213589194,0.10299155825910085
Capns1,0.3879668049792531,0.38812432358678883,0.011345959788212142
Capza2,0.1504149377593361,0.15093630424296603,0.05562458645716315
Capzb,0.274896265560166,0.27560955964402095,0.05295848420649887
Card19,0.11981327800829876,0.11954741323545733,0.1290800921252158
Carhsp1,0.10632780082987552,0.10675268605206994,0.21877272047429772
Cat,0.10684647302904564,0.10689639879400938,0.023684143515591238
Cav1,0.4320539419087137,0.43557756243326173,0.17870366735518978
Cbx1,0.10425311203319503,0.10474852411799214,0.0865397821336693
Cbx6,0.1037344398340249,0.10377717417571224,0.04097489249150912
Ccdc12,0.10217842323651452,0.10322712822228677,0.25346530886633706
Ccdc80,0.14678423236514523,0.14627141738537822,0.1322290163303027
Ccnd2,0.17064315352697096,0.17094007638950082,0.10064861318165376
Ccnd3,0.21369294605809128,0.21396469615994132,0.047536414795116784
Ccnl1,0.12811203319502074,0.12889931660327242,0.1774650476859394
Ccnl2,0.14678423236514523,0.1467407849886946,0.08002931899143609
Cct2,0.1338174273858921,0.13358046197937104,0.06439699792200809
Cct3,0.12811203319502074,0.12828564512198187,0.08809955726321596
Cct4,0.20643153526970953,0.20593031229866968,0.03179759572112374
Cct5,0.21680497925311204,0.21654059182882607,0.05704949711484246
Cct6a,0.15767634854771784,0.15770500216856784,0.030856846355752445
Cct7,0.1758298755186722,0.17643902308804665,0.0625316920522447
Cct8,0.18101659751037344,0.18061292084108999,0.04446514851305543
Cd151,0.21524896265560167,0.21670584376705507,0.17782683618652778
Cd164,0.13692946058091288,0.1370852380090223,0.033350235382326024
Cd200,0.15612033195020747,0.15688908519073824,0.10891921688862435
Cd34,0.30601659751037347,0.30577306587234127,0.20402916757100384
Cd36,0.2479253112033195,0.24963260321936004,0.31919482049094744
Cd47,0.11825726141078838,0.11830008043820643,0.022427894166662285
Cd59a,0.14678423236514523,0.14965939091849872,0.4814705369793897
Cd63,0.716804979253112,0.7160164814540345,0.04697730011392505
Cd81,0.5783195020746889,0.5781784190512597,0.048005246460321886
Cd9,0.3112033195020747,0.31432471484105656,0.22681531410812314
Cd93,0.1016597510373444,0.10364567530142463,0.451787902610564
Cdc37,0.14989626556016597,0.1501226613131452,0.07071128264097533
Cdc42,0.45228215767634855,0.45315023044579267,0.03366742000795498
Cdc42ep1,0.11047717842323651,0.1104847595747623,0.2173359107269176
Cdc42ep3,0.13174273858921162,0.131121664124609,0.11990251939022849
Cdc42se1,0.10736514522821576,0.10757152363657825,0.06929159046177391
Cdh5,0.12240663900414937,0.12431468499404347,0.6216007230934275
Cdk11b,0.11929460580912864,0.1194443386602377,0.040910756064409345
Cdk2ap2,0.11929460580912864,0.11947459220801053,0.1159068046823597
Cdk4,0.27282157676348545,0.27326846541366073,0.05649547478724268
Cdkn1a,0.14263485477178423,0.14373386430564125,0.30442721097793
Cdkn1c,0.3848547717842324,0.38689754876366245,0.12757040846486017
Cebpd,0.22354771784232366,0.22492721132542345,0.13344875749769924
Celf2,0.12033195020746888,0.11917462529195669,0.20521360244743714
Cetn3,0.145746887966805,0.14609203329099893,0.07701437874596527
Cfdp1,0.12811203319502074,0.12839531138352683,0.035640343956102535
Cfl1,0.7811203319502075,0.7826284102649333,0.03895309826265441
Cfl2,0.17686721991701246,0.17638682414692217,0.21025563269224307
Chchd1,0.11566390041493776,0.11539425038774935,0.10590575968296392
Chchd10,0.24325726141078838,0.24257948206330923,0.30076237391418165
Chchd2,0.716804979253112,0.7174725391470108,0.03562034222244698
Chchd3,0.14470954356846474,0.14483803672605575,0.15606488464502277
Chchd7,0.15352697095435686,0.1533527913954845,0.05293481237453713
Chmp2a,0.27645228215767637,0.2769483533091209,0.06569954464544289
Chmp2b,0.10269709543568464,0.10242161699819192,0.05531591909076332
Chp1,0.11203319502074689,0.11246093257108852,0.08499281479520435
Chrac1,0.11981327800829876,0.11971500042923357,0.07603383986528589
Cirbp,0.20383817427385892,0.20383482464695707,0.03612926908582637
Cisd1,0.11047717842323651,0.11006429947597102,0.22846740135892304
Ckb,0.13692946058091288,0.1361102405806605,0.16986612846119248
Ckm,0.22614107883817428,0.2256085468147623,0.32243270638681365
Cldn5,0.15197095435684646,0.15313679252766507,0.46805419255879344
Clic1,0.6286307053941909,0.6302481972425583,0.06951107935645845
Clk1,0.258298755186722,0.2592742644317982,0.13274339397232593
Clta,0.30031120331950206,0.30207028376895634,0.12047927701101138
Clu,0.18049792531120332,0.17960603362319866,0.16523495602918484
Cmtm3,0.20487551867219916,0.20540562707011792,0.13477583627235779
Cmtm7,0.13226141078838174,0.13184269725962158,0.07529439645839239
Cnbp,0.3480290456431535,0.34812487671982034,0.012234096630336602
Cnih1,0.14367219917012447,0.1437758554719397,0.05980045873804378
Cnih4,0.13070539419087138,0.13084701615605865,0.030406032257403112
Cnn2,0.22302904564315354,0.22235586829041987,0.19898006066687193
Cnn3,0.18516597510373445,0.18491084181123366,0.13412225040215214
Cnppd1,0.10269709543568464,0.10288251726610044,0.10139344346491248
Cnpy2,0.18983402489626555,0.18967414521929032,0.04461917051077823
Coa3,0.1146265560165975,0.11503807184467067,0.11788715960421794
Col1a1,0.546161825726141,0.5395792186680677,0.2654112891982391
Col1a2,0.5622406639004149,0.5555443327436153,0.2609412848822364
Col3a1,0.5715767634854771,0.5649876363789522,0.24958822158763633
Col4a1,0.32468879668049794,0.3247940256320872,0.07235176384080176
Col4a2,0.3049792531120332,0.30494189469120186,0.08560786341776497
Col5a1,0.12551867219917012,0.12372773614368973,0.308193600429061
Col5a2,0.21265560165975103,0.21048210521437455,0.26008537966687745
Col6a1,0.23340248962655602,0.22940712130173674,0.37304336929839094
Col6a2,0.22199170124481327,0.21961865568679656,0.23018616460106917
Commd3,0.17219917012448133,0.17220304821937268,0.028429029931699448
Commd4,0.11618257261410789,0.1164596683370098,0.08245151932386899
Cope,0.2328838174273859,0.23286896437883398,0.044732809454875275
Cops5,0.1270746887966805,0.12695727854141287,0.060416279521864596
Cops6,0.12863070539419086,0.12848862892465762,0.032729918146159984
Cops9,0.43101659751037347,0.4305137921248389,0.06346187228636019
Copz2,0.14159751037344398,0.1411535227243046,0.10053146945008845
Coro1b,0.24844398340248963,0.2486918355219751,0.04595969282468661
Cotl1,0.10736514522821576,0.10957432679165827,0.3274762591002218
Cox14,0.229253112033195,0.2298609224781892,0.10474530050942651
Cox17,0.11825726141078838,0.11815861503730728,0.1791247280655817
Cox20,0.229253112033195,0.2291033843206207,0.17747725070011938
Cox4i1,0.8635892116182573,0.8641757937369252,0.03285294865650138
Cox5a,0.5409751037344398,0.5411082899825171,0.11669770717422054
Cox5b,0.5477178423236515,0.5477485255826421,0.11103480353034263
Cox6a1,0.6576763485477178,0.6580991804103942,0.03529211122158694
Cox6a2,0.48443983402489627,0.48372151900869514,0.15589828434243289
Cox6b1,0.7531120331950207,0.7542154792532325,0.05267136110249987
Cox6c,0.7982365145228216,0.7985217466743564,0.03883166554955284
Cox7a1,0.15560165975103735,0.15536807892695279,0.33256349211848374
Cox7a2,0.6353734439834025,0.6356657456337291,0.09964732580721637
Cox7a2l,0.36618257261410786,0.36751484356905545,0.10070341515575545
Cox7b,0.6338174273858921,0.6339708593996995,0.09577013215397634
Cox7c,0.66701244813278,0.667447222948043,0.056477929347820165
Cox8a,0.6908713692946058,0.6913010787528345,0.053883048467033
Cox8b,0.19968879668049794,0.19907806746897394,0.2934526317886325
Cpe,0.4221991701244813,0.423672400013549,0.05232503235753555
Creg1,0.11566390041493776,0.11603690428427374,0.04607978817855025
Crip1,0.7230290456431535,0.7236801618265033,0.016111524293696885
Crip2,0.7090248962655602,0.7108700453518971,0.07508772938158031
Cript,0.12188796680497925,0.12222745069370972,0.09320181597255069
Cryab,0.370850622406639,0.36928241054350674,0.2140397222845068
Csnk1a1,0.15404564315352698,0.15435706179151532,0.07190538778454415
Csnk2b,0.24066390041493776,0.24118873607490143,0.053969879714012105
Csrp1,0.26556016597510373,0.2641554157602619,0.20836284464385688
Csrp2,0.404045643153527,0.4043129356902265,0.10468736692871419
Csrp3,0.2603734439834025,0.25932737913947446,0.2727653201244223
Cst3,0.658195020746888,0.6582200779612495,0.06424308829928685
Ctla2a,0.2479253112033195,0.25103746823053175,0.317313592205631
Ctnna1,0.15560165975103735,0.15677850354937023,0.18711886217710869
Ctnnb1,0.17064315352697096,0.17160488889449388,0.15996446495303115
Ctsa,0.15197095435684646,0.15225938541733575,0.030913060343619785
Ctsb,0.3257261410788382,0.3266350117182477,0.037505632054179006
Ctsd,0.3537344398340249,0.35656578955911,0.15706619046186615
Ctsl,0.7868257261410788,0.7861941649415976,0.03508061258969059
Ctsz,0.15819502074688796,0.15890541115988763,0.06095211638835556
Cuta,0.18101659751037344,0.1809122970110733,0.02833548028851441
Cwc15,0.17012448132780084,0.1703125845982262,0.062955028981868
Cxcl12,0.14107883817427386,0.14019086983380072,0.2338208318452663
Cxx1b,0.10892116182572614,0.10906164425224146,0.09661498682421923
Cyb5a,0.370850622406639,0.371780183830807,0.07526517422987256
Cyb5r3,0.266597510373444,0.26861902753271844,0.17348454282985473
Cyba,0.1887966804979253,0.19039547372623566,0.1276822001184649
Cyc1,0.24014522821576764,0.23981909288553108,0.16964994753333548
Cycs,0.2572614107883817,0.2563746147939929,0.18742738114610097
Cygb,0.18049792531120332,0.17901340932556373,0.20858201025440928
Cyr61,0.14522821576763487,0.14471005370553455,0.08520134286575543
Cyth3,0.23236514522821577,0.23087057145509263,0.1640962416324113
Cytl1,0.14367219917012447,0.14532723900645017,0.24323915446286015
D10Jhu81e,0.12396265560165975,0.12415898865162235,0.17656669865740274
D8Ertd738e,0.24481327800829875,0.2451550775293701,0.07891988994560595
Dad1,0.43724066390041494,0.4369455875409959,0.025163794353131565
Dap,0.17738589211618258,0.1770891190715575,0.07179481828649568
Dazap2,0.16182572614107885,0.16247845356823234,0.08681487007010792
Dbi,0.42686721991701243,0.42607880927338554,0.08433880149950575
Dcn,0.6654564315352697,0.6606498058248301,0.1603701602360797
Dctn2,0.22977178423236513,0.2299677891931946,0.025637246725948158
Dctn3,0.15715767634854771,0.1576784982130888,0.1111338658339709
Dctn6,0.10632780082987552,0.10599522458412705,0.1540503017923842
Dcun1d5,0.14367219917012447,0.14396042734886244,0.02405476607989682
Ddah2,0.3137966804979253,0.31358909460077544,0.10514304448996895
Ddb1,0.11410788381742738,0.11371929622943092,0.10536025897254521
Ddit4,0.1628630705394191,0.16419023262921234,0.2242097468731663
Ddost,0.15508298755186722,0.1549632374533646,0.05774452605352864
Ddx39b,0.1825726141078838,0.18242783163994758,0.049844312814075184
Ddx5,0.6991701244813278,0.7002862800353323,0.03294929524471493
Ddx50,0.11410788381742738,0.11435811654085877,0.090217587566611
Decr1,0.10321576763485477,0.10277913299364497,0.18830407808806854
Degs1,0.2925311203319502,0.29388098468188356,0.12386405356491288
Dek,0.10995850622406639,0.1103283724636973,0.03846917131937969
Des,0.1566390041493776,0.1560845890115812,0.4322372936125062
Dkk3,0.19605809128630705,0.1935940928672812,0.2790113152734523
Dlk1,0.1654564315352697,0.1639198494673165,0.22499112247724298
Dlst,0.10892116182572614,0.1089087051435648,0.13038726311580837
Dnaja1,0.258298755186722,0.25935407954332107,0.17151806168249423
Dnaja2,0.1607883817427386,0.1610513791193928,0.0510494884899617
Dnajb1,0.19294605809128632,0.1932861069077259,0.13060575691745518
Dnajc15,0.11047717842323651,0.11045861451938366,0.2075993375663521
Dnajc19,0.17427385892116182,0.1746400153000161,0.06330634313836986
Dnajc7,0.10269709543568464,0.10272299708723939,0.028932076345445517
Dnajc8,0.13641078838174273,0.1365803487285781,0.04552635917131862
Dnpep,0.10425311203319503,0.10409405405953048,0.029313078910469484
Dpep1,0.29979253112033194,0.295897966761528,0.2717015906077213
Dph3,0.10269709543568464,0.10279011959393157,0.06219673801634393
Dpm2,0.10736514522821576,0.10753733112360445,0.043923601793110376
Dpm3,0.15197095435684646,0.15170888698146823,0.06700731634931935
Dpt,0.2567427385892116,0.2527485545161611,0.3370299067082875
Dpy30,0.10269709543568464,0.1032540022951389,0.12697141681627502
Dpysl3,0.12966804979253113,0.12873923670784304,0.12039590804436742
Drap1,0.1146265560165975,0.11411949517762193,0.12745080120888355
Dstn,0.11566390041493776,0.11571476423885817,0.13168851268936957
Dusp1,0.28319502074688796,0.2840633849630625,0.07525252567869876
Dync1i2,0.26089211618257263,0.26097949691329836,0.0343181964656652
Dynll1,0.5783195020746889,0.5787951453705892,0.06243580922054019
Dynlrb1,0.47147302904564314,0.4715131912187278,0.02114929482150361
Ebf1,0.14678423236514523,0.14712112402818123,0.10304072109300465
Ece1,0.1462655601659751,0.14887360115903364,0.4612075213325255
Ech1,0.3236514522821577,0.3232459173263247,0.10008735539532251
Echs1,0.12655601659751037,0.12581232700334483,0.10721882444087115
Eci1,0.1078838174273859,0.10770312852454557,0.2760287198256606
Eci2,0.11670124481327801,0.11646741942203426,0.07345956156631492
Ecm1,0.17323651452282157,0.1727350465090071,0.08064561482547747
Ecm2,0.10321576763485477,0.10274437418631958,0.13461535039472497
Ecscr,0.1675311203319502,0.17062316644493586,0.458197822424578
Edf1,0.20695020746887965,0.20743312463808558,0.05442153558475044
Eef1a1,0.6675311203319502,0.6672367480179804,0.04576968460676797
Eef1b2,0.5005186721991701,0.5001471176049322,0.04664084702600282
Eef1d,0.20435684647302904,0.20418775727085373,0.06806100367070521
Eef1g,0.2712655601659751,0.27185771713544366,0.07647697772673313
Eef2,0.5969917012448133,0.5978615363890355,0.04547236629944875
Egfl7,0.35632780082987553,0.3617153210102643,0.40875703881594894
Egr1,0.2743775933609959,0.27264522798393814,0.14499277240349803
Ehd1,0.1690871369294606,0.17030773020975726,0.19566556755275522
Ehd2,0.1524896265560166,0.15317090252257787,0.23253357968435953
Eif1,0.8967842323651453,0.8970286986024767,0.0066831564693684
Eif1ax,0.1146265560165975,0.11495305327403503,0.08284450055737197
Eif1b,0.17946058091286307,0.17921709156212412,0.04391515160821619
Eif2s2,0.45902489626556015,0.4589538707034965,0.012303366510419366
Eif3c,0.11721991701244813,0.11755590824390419,0.05139388662059513
Eif3d,0.12863070539419086,0.12851052518757042,0.06893262104954494
Eif3e,0.22147302904564314,0.22168335045660217,0.06737953957818821
Eif3f,0.4170124481327801,0.417640180731645,0.0817259487479278
Eif3g,0.20228215767634855,0.2020274845610395,0.020139284656729158
Eif3h,0.3350622406639004,0.33588657473951794,0.06121321184274637
Eif3i,0.2157676348547718,0.21640423567455885,0.07426871006439885
Eif3k,0.43931535269709543,0.44001899346295986,0.03937841642736424
Eif3l,0.11721991701244813,0.11780838664393145,0.1097666560420632
Eif3m,0.26089211618257263,0.2613803656396194,0.07145111496952428
Eif4a1,0.345954356846473,0.3454274622326286,0.03240866726451007
Eif4a2,0.10114107883817428,0.10173149129787608,0.14260193605978372
Eif4a3,0.16804979253112035,0.16816448640791737,0.04398754009763038
Eif4e2,0.1395228215767635,0.13946550950659242,0.06159178550199694
Eif4ebp1,0.27593360995850624,0.27525376532464796,0.12281669692462868
Eif4g2,0.25311203319502074,0.2534996048276011,0.09142049807583083
Eif4h,0.22977178423236513,0.23014244924655383,0.08740842363564803
Eif5,0.2650414937759336,0.2655607588959682,0.08804745596220309
Eif5a,0.35892116182572614,0.358849717963022,0.02562250446253139
Eif5b,0.1862033195020747,0.18698031251986225,0.0964015532436279
Eif6,0.1078838174273859,0.10800200072942781,0.045110754888459864
Eln,0.7007261410788381,0.6995052290928148,0.06575727530510828
Elob,0.5430497925311203,0.5431437221404338,0.03540458382048096
Eloc,0.120850622406639,0.12095703314612453,0.034476702835491986
Elof1,0.11929460580912864,0.1194469762622897,0.042482019740743435
Elp2,0.14056016597510373,0.14082332874299106,0.0663705054014992
Emc10,0.11566390041493776,0.11534526189819745,0.0462823527265902
Emc2,0.10062240663900415,0.10042349509656566,0.055771880803954475
Emc6,0.12396265560165975,0.12439352214778263,0.11256660570193684
Emcn,0.22095435684647302,0.22545342968605145,0.47857623861343573
Emg1,0.11721991701244813,0.11768600879997586,0.12885041709895204
Emp1,0.20850622406639005,0.20884583149184507,0.22396658114913348
Emp3,0.3900414937759336,0.3898602432562585,0.05866154339972772
Eng,0.2863070539419087,0.2905714921531566,0.3578187209270052
Eno1,0.12551867219917012,0.12572112636788646,0.1918272059144158
Eny2,0.14678423236514523,0.1467496536688044,0.052052579843927256
Ergic3,0.14056016597510373,0.1403139258939626,0.034416789763934134
Erh,0.13848547717842324,0.1383573692747549,0.0299957510865002
Erp29,0.2287344398340249,0.2295801456012269,0.0763065601869409
Esam,0.2629668049792531,0.2660733697927737,0.30932462994218424
Esd,0.18672199170124482,0.1867125195911672,0.028577451052901135
Etfb,0.2603734439834025,0.2601511719488777,0.15057097462061306
Ets2,0.120850622406639,0.12267999798937317,0.4248595276181
Eva1b,0.21473029045643152,0.21460374373785948,0.0423418379725336
F11r,0.16026970954356848,0.16213798693723494,0.39012528037486255
Fabp3,0.5746887966804979,0.5747402330032225,0.1285171821240486
Fabp4,0.7266597510373444,0.7274620467396083,0.02685851791645302
Fabp5,0.600103734439834,0.6038383970901307,0.14640485317978288
Fam133b,0.10995850622406639,0.11029522248173436,0.10484539131498215
Fam162a,0.17064315352697096,0.17069867060734534,0.17599255005843858
Fam195b,0.1887966804979253,0.18885169055136758,0.027530547451024408
Fam32a,0.10217842323651452,0.10244396125896736,0.03902247097000516
Fam96a,0.10943983402489627,0.11008843786001223,0.1447222434362536
Fau,0.8008298755186722,0.802226161237439,0.030412326814870414
Fblim1,0.10943983402489627,0.10938534602060065,0.1620310075969491
Fbln1,0.120850622406639,0.11945226717212759,0.24474629871893727
Fbln2,0.2012448132780083,0.199181384464276,0.22985899464941867
Fbln5,0.19968879668049794,0.19740758034762906,0.38159446832945937
Fbn1,0.1146265560165975,0.11332717684615175,0.2555215698615249
Fcer1g,0.12863070539419086,0.13038427296054586,0.2656411419244658
Fcgrt,0.12811203319502074,0.12822722364626976,0.06919903160803136
Fermt2,0.13848547717842324,0.13903737366194913,0.07027060945114726
Fhl1,0.2411825726141079,0.23904964632217898,0.23767429826604916
Fhl2,0.19190871369294607,0.19120589330640703,0.3032655736979869
Fibp,0.13070539419087138,0.13116896075506265,0.1217670923561348
Fis1,0.2821576763485477,0.2826209317440262,0.05030071085527917
Fkbp10,0.1312240663900415,0.1303903766006158,0.16813871168986239
Fkbp1a,0.4403526970954357,0.44052650577400215,0.08816376008698844
Fkbp3,0.2411825726141079,0.24065774755665742,0.06434669573027323
Fkbp7,0.13848547717842324,0.1382408930113007,0.074984789523793
Fkbp8,0.11203319502074689,0.11261806648771933,0.11847905235799527
Fkbp9,0.16856846473029047,0.16778854136585758,0.09297039205797873
Flna,0.14522821576763487,0.1445529092909903,0.20291335197966004
Fmc1,0.14522821576763487,0.14452748769066653,0.19546664367600755
Fn1,0.258298755186722,0.25791559377050943,0.06586752466823285
Fos,0.5316390041493776,0.5314437483202394,0.04527248600149243
Foxp1,0.12136929460580913,0.12254385773308787,0.19293288886240925
Fscn1,0.14470954356846474,0.14490379878175985,0.22385983561201062
Fstl1,0.6649377593360996,0.6619341540711102,0.12202719242076471
Fth1,0.9564315352697096,0.956385089490048,0.010654272067866248
Ftl1,0.7982365145228216,0.7989370474444618,0.01598164707865475
Ftl1-ps1,0.1016597510373444,0.10261579555135543,0.13480188681931599
Fundc2,0.22717842323651452,0.2266088671893022,0.08241830280152923
Fus,0.14678423236514523,0.14714548111641507,0.054815304439019254
Fxyd1,0.3278008298755187,0.32562048888605416,0.2655198341385608
Fxyd5,0.20280082987551867,0.20528811826975485,0.24167226102499795
Fxyd6,0.1690871369294606,0.168368487382578,0.13134289113921177
G3bp2,0.10736514522821576,0.10807856382834717,0.170759560039035
Gabarap,0.5845435684647303,0.5846354466634474,0.02763376816976911
Gabarapl1,0.18516597510373445,0.18681835097973043,0.16410572205063118
Gabarapl2,0.12344398340248963,0.12415008976821545,0.09760887768491094
Gadd45b,0.15145228215767634,0.1509848025661078,0.19617292443811155
Gadd45g,0.21161825726141079,0.21245495165176315,0.09997966941062704
Gadd45gip1,0.1275933609958506,0.12772664161981326,0.09866705986419992
Gapdh,0.6135892116182573,0.6144537564563743,0.07891141730247203
Gas1,0.14107883817427386,0.1387256079673368,0.354796239717944
Gas5,0.6317427385892116,0.6324028381232738,0.04843596823991613
Gdi2,0.28526970954356845,0.2860360153836639,0.08797200687705194
Ggnbp2,0.1146265560165975,0.11530417995574806,0.16378559700561984
Ghitm,0.15145228215767634,0.1514507920199417,0.14160199672920218
Gimap6,0.15767634854771784,0.160245981365391,0.5297213262997793
Glrx3,0.16441908713692946,0.1638957291796717,0.04822550055344796
Glrx5,0.1696058091286307,0.1700437329195262,0.13752136508257642
Gltscr2,0.1779045643153527,0.1787727106927752,0.11936064618625061
Gm10076,0.20695020746887965,0.2068421433797803,0.047168978158650794
Gm10736,0.4465767634854772,0.4472106995907149,0.05485501235160026
Gm11361,0.13485477178423236,0.1353824652552264,0.11821868411205821
Gm14303,0.22354771784232366,0.22440851327790293,0.09129910234926093
Gm15427,0.28475103734439833,0.28539175172973863,0.08644816176196089
Gm15536,0.133298755186722,0.13368495094787522,0.09270591801715354
Gm1821,0.19190871369294607,0.1922181258624343,0.07995839916958025
Gm2000,0.2842323651452282,0.28517009942267635,0.06914285092064983
Gm2830,0.13070539419087138,0.13072925343207933,0.27795067533249124
Gm4149,0.2572614107883817,0.2578994346690342,0.05544603468716538
Gm8186,0.10995850622406639,0.11035855812950932,0.07524824299753308
Gm8797,0.13537344398340248,0.13562676362120696,0.10478538921729566
Gm9794,0.12966804979253113,0.1299972392982412,0.10324392161217044
Gm9843,0.1924273858921162,0.19334200683698433,0.10639249258714951
Gnai2,0.23236514522821577,0.23392077981216433,0.17614478400484782
Gnas,0.8003112033195021,0.7998213075439076,0.023574687444450685
Gnb2,0.36358921161825725,0.3643750646102907,0.06573085130062437
Gng11,0.3770746887966805,0.38031328033994544,0.2529337684840501
Gng5,0.48651452282157676,0.48773434484505324,0.07130524061002813
Gngt2,0.13433609958506224,0.13656239235832693,0.4794070796608939
Gorasp2,0.1187759336099585,0.11839677079667993,0.10028228537797121
Gpc3,0.12240663900414937,0.12022356398116088,0.42272994138584824
Gpi1,0.21317427385892115,0.21399455656557642,0.13472625058854795
Gpihbp1,0.27645228215767637,0.27783413606760526,0.2530924171998019
Gpx1,0.44242738589211617,0.4443571551349052,0.07888299983482656
Gpx3,0.5627593360995851,0.559131731389472,0.1294941848808578
Gpx4,0.28319502074688796,0.2845291208768944,0.09345760307776015
Gpx7,0.20072614107883818,0.1989669922179761,0.2083749579532477
Gpx8,0.18049792531120332,0.17901773057635914,0.18759363483600064
Grb10,0.10632780082987552,0.10630917775937153,0.036954958658770236
Grina,0.12551867219917012,0.12603611722369115,0.09884027707502753
Grn,0.2645228215767635,0.2663322801537156,0.10275933574519412
Grpel1,0.10010373443983403,0.10011628843661823,0.06440639062719584
Gsn,0.524896265560166,0.5211222495189203,0.18439711396658262
Gstm1,0.47147302904564314,0.46912900598884344,0.10585208596195556
Gstm2,0.18464730290456433,0.18395089064151962,0.1442907835943719
Gstp1,0.10010373443983403,0.0996094268161594,0.09233936709867759
Gtf2a2,0.19035269709543567,0.1913569510324134,0.09287960400590616
Gtf2h5,0.18309128630705393,0.18347897442458125,0.039525459618322184
Gyg,0.1441908713692946,0.14440024343457167,0.2657359077741484
H13,0.1441908713692946,0.14397237708911714,0.059379275627558896
H19,0.6535269709543569,0.6566129784694689,0.09421711333904866
H1f0,0.21784232365145229,0.2172655317109323,0.07874272262403956
H2-D1,0.11618257261410789,0.11852022811161309,0.41904529724736145
H2afj,0.11255186721991702,0.11277062181925493,0.03603960331107078
H2afv,0.21732365145228216,0.21795340048320289,0.06412576789279063
H2afz,0.19605809128630705,0.1967688018245602,0.0422909944368381
H3f3a,0.3651452282157676,0.3658637477792949,0.053626582300137705
H3f3b,0.875,0.8751473709693677,0.023470724340097053
Hacd1,0.15819502074688796,0.15696055989527732,0.29832731384183364
Hadha,0.17323651452282157,0.17325202351938032,0.18506705414312052
Hadhb,0.1078838174273859,0.10773163069930845,0.28392291497690064
Hba-a1,0.1483402489626556,0.14806313601982962,0.08563204283523171
Hbb-bs,0.2894190871369295,0.28932426630242625,0.12119938990595791
Hcfc1r1,0.3013485477178423,0.3004503777849404,0.10640483466196092
Herpud1,0.11825726141078838,0.11820391118479469,0.039728366381659726
Hes1,0.48132780082987553,0.4840454878923744,0.1060971215232722
Higd1a,0.21265560165975103,0.2118441567603175,0.10456370778415867
Higd2a,0.2354771784232365,0.23629733048216797,0.12410989386330074
Hint1,0.6192946058091287,0.6188870344235894,0.04437529336146311
Hint2,0.125,0.1254731269471183,0.1905046328589849
Hist1h2bc,0.1078838174273859,0.10880860705590963,0.1943424904936415
Hjurp,0.2053941908713693,0.20658265360990574,0.14696286631507458
Hmg20b,0.11981327800829876,0.12022500910871368,0.15534128864873697
Hmgb1,0.25363070539419086,0.2535016793851843,0.08972225755864517
Hmgn1,0.3153526970954357,0.31462241166899546,0.058211034958864524
Hmgn2,0.12033195020746888,0.12112672858781355,0.1046354498390678
Hn1,0.18153526970954356,0.1826738074563053,0.2048893674418947
Hnrnpa2b1,0.2012448132780083,0.20183772178776996,0.08329073207954053
Hnrnpab,0.14367219917012447,0.14387280611121211,0.0413708437356613
Hnrnpc,0.15093360995850622,0.15088553314993902,0.05687346083678606
Hnrnpd,0.11203319502074689,0.11266689516578594,0.14541038011503007
Hnrnpdl,0.2053941908713693,0.20506748042131198,0.027456089053853924
Hnrnpf,0.16026970954356848,0.16044946863471007,0.05106409930388264
Hnrnpk,0.35114107883817425,0.35153804190678356,0.04451589875760079
Hnrnpm,0.16026970954356848,0.1608728929695449,0.10272756088133915
Hnrnpr,0.10269709543568464,0.10274491042239593,0.09739351585157933
Hnrnpu,0.14989626556016597,0.15010553769699425,0.06795789764451021
Hp1bp3,0.13433609958506224,0.13448494518797194,0.044962147109382324
Hpcal1,0.10114107883817428,0.10268126516214951,0.33192442065351896
Hsbp1,0.31068464730290457,0.3106075496014154,0.03783631881817608
Hsd17b10,0.1690871369294606,0.16869449716054297,0.1039562113849099
Hsp90aa1,0.31016597510373445,0.31023330499310864,0.07104910338646157
Hsp90ab1,0.6571576763485477,0.6581536259128787,0.04954726553196616
Hsp90b1,0.18568464730290457,0.1855812504651176,0.06204231249191154
Hspa1a,0.4730290456431535,0.47537607745784477,0.09498673986291684
Hspa5,0.33713692946058094,0.33674262783835596,0.06852584994417726
Hspa8,0.8029045643153527,0.8038955273049951,0.02684385870902051
Hspa9,0.11670124481327801,0.11661686082679061,0.13774873172622754
Hspb1,0.616701244813278,0.6158574519315027,0.07817010588599857
Hspb2,0.10943983402489627,0.10891063735357512,0.32335318183063627
Hspb7,0.1504149377593361,0.14970093409977528,0.38360335437946563
Hspd1,0.13018672199170125,0.1297473867328569,0.09810272241619206
Hspe1,0.39522821576763484,0.39523604768867643,0.03793904442890193
Hspg2,0.1716804979253112,0.1717019172419723,0.07614595760009299
Htra3,0.2411825726141079,0.23871500226689313,0.2193498088044093
Iah1,0.13278008298755187,0.13252049335222876,0.10258100240355195
Icam2,0.1592323651452282,0.1616886581151129,0.4965105265785771
Id1,0.33973029045643155,0.34143885845014527,0.18795203443295752
Id2,0.34024896265560167,0.3417873901994141,0.07771433907160699
Id3,0.7868257261410788,0.7869813687687541,0.049844083109057476
Idh2,0.47925311203319504,0.47798217071835425,0.15682592828189365
Idh3b,0.2033195020746888,0.20361963806199992,0.20026967569809398
Idh3g,0.24221991701244813,0.24249533499416426,0.19257668566727232
Ier2,0.4196058091286307,0.42016262097282664,0.04931754316142551
Ier3,0.3604771784232365,0.36142144318929814,0.08328744893215348
Ier3ip1,0.32935684647302904,0.32858833876764004,0.08434912073542482
Ifi27,0.11929460580912864,0.11997056745070626,0.09131153245525672
Ifi27l2a,0.11255186721991702,0.11262186880690087,0.03554695095636826
Ifitm2,0.6078838174273858,0.6091218797544666,0.031990914234977644
Ifitm3,0.6965767634854771,0.697368575203215,0.06758803036609988
Ifngr1,0.11514522821576763,0.11509669463836104,0.12151915153380853
Ifrd1,0.12136929460580913,0.121499666342429,0.04192051265352005
Ift20,0.22302904564315354,0.22262974564737487,0.045648408492051665
Ift27,0.10632780082987552,0.10620591616315705,0.054185312554067146
Ift43,0.12240663900414937,0.12268957453308174,0.1314569375548746
Igf1,0.10529045643153527,0.10527592798614792,0.13368915948070154
Igf2,0.4299792531120332,0.43319913304840174,0.19800097669035358
Igfbp4,0.3558091286307054,0.35814938655326,0.13990153568486052
Igfbp5,0.19813278008298754,0.20118101099254995,0.3201854322495051
Igfbp7,0.7645228215767634,0.7594560942156974,0.15375093576065066
Ik,0.10010373443983403,0.100844884856353,0.16635204552111219
Il11ra1,0.14315352697095435,0.1421918390082561,0.18098053338855413
Ilk,0.26400414937759337,0.2628001080194504,0.13105993682304312
Immp1l,0.15715767634854771,0.15733162971920117,0.06215566598308926
Immt,0.10114107883817428,0.10092246645153319,0.23729223171607777
Imp3,0.1545643153526971,0.15508384906829142,0.04122092246639466
Itgb1,0.16026970954356848,0.16013820800740794,0.07649460692020023
Itm2a,0.23029045643153526,0.22672543248474683,0.33045690153109675
Itm2b,0.8231327800829875,0.8245553739069756,0.046825612025123975
Itm2c,0.21109958506224066,0.2117162912324078,0.07253333935309046
Ivns1abp,0.2349585062240664,0.23532339646794082,0.19593444928208675
Jkamp,0.13537344398340248,0.13570551321942298,0.06544790681775202
Jtb,0.11670124481327801,0.11666641218935171,0.03742279292448777
Jun,0.28734439834024894,0.28831502473745924,0.06656246757394653
Junb,0.3049792531120332,0.3061920535875479,0.13797283815983213
Jund,0.18464730290456433,0.18425903538818456,0.03838979654110277
Jup,0.10943983402489627,0.10983263222006173,0.17913767055936733
Kdelr1,0.28475103734439833,0.2850690638744166,0.05386275494179202
Kdelr2,0.13070539419087138,0.13019763369089554,0.14622159615488992
Kdelr3,0.12448132780082988,0.12261578664105556,0.3407896391375484
Kdr,0.1037344398340249,0.10543751581599556,0.6073586167068832
Kif5b,0.13641078838174273,0.1362202305847954,0.04214771040766585
Klc1,0.1358921161825726,0.13555664035754883,0.029365648024457684
Klf2,0.30446058091286304,0.3075945266201722,0.25190810269102176
Klf6,0.11151452282157677,0.11248942126965135,0.2232857342352791
Klf9,0.3132780082987552,0.31243269762476866,0.07055768011768798
Klhdc2,0.10580912863070539,0.1056941264147229,0.1678347547768167
Klhdc3,0.13018672199170125,0.12995806608036742,0.0645586262502192
Kmt2e,0.14367219917012447,0.1437108755346946,0.10626838836138171
Knop1,0.11358921161825726,0.11401420387529405,0.08900351782203769
Krtcap2,0.4470954356846473,0.44641221963924504,0.06562045304660143
Lamb1,0.10892116182572614,0.10818920991228355,0.14194941842296574
Lamp1,0.32261410788381745,0.32365536866412525,0.04961555227457023
Lamp2,0.21058091286307054,0.21120689276667248,0.08424190104271151
Lamtor1,0.1545643153526971,0.1552053900906832,0.10575500240316071
Lamtor2,0.14107883817427386,0.1413257099982854,0.07370385212803245
Lamtor4,0.1229253112033195,0.12271491580294992,0.11081664660272271
Lamtor5,0.22302904564315354,0.22312956930101902,0.03882310830339882
Laptm4a,0.49118257261410786,0.49148618972055896,0.038469821458805294
Laptm4b,0.13692946058091288,0.1366507136504873,0.0551739363689956
Lasp1,0.1275933609958506,0.12698761403084366,0.11953282407333617
Lcn2,0.1078838174273859,0.10876017425268691,0.20840304562320425
Ldha,0.45695020746887965,0.45809515472967133,0.07200609972256714
Ldhb,0.36099585062240663,0.3596955292078532,0.22197784395525436
Leprot,0.19657676348547717,0.19747131955342104,0.12553473041091093
Lgals1,0.7769709543568465,0.7744252247780867,0.0959002046018609
Lgals9,0.1950207468879668,0.19814553280051975,0.4030800914948241
Lhfp,0.3137966804979253,0.31021372902803873,0.2745247208177347
Litaf,0.14937759336099585,0.1497196798093167,0.16657597614507896
Lmna,0.1716804979253112,0.17111265844537202,0.10637620866117095
Lmo4,0.2857883817427386,0.2859381616776167,0.07221470071466682
Loxl1,0.19294605809128632,0.18949891421486953,0.39566462297325006
Lpl,0.571058091286307,0.5702710754585075,0.026506566610021518
Lrp10,0.1146265560165975,0.11471930008747472,0.05883398096222886
Lsm6,0.12136929460580913,0.12133826368080515,0.02882522492608141
Lsm7,0.15197095435684646,0.15169589676640824,0.05888650548990445
Lsm8,0.12033195020746888,0.11995509866868043,0.08166826892900135
Lta4h,0.11047717842323651,0.11068445631579238,0.10343360812945876
Ltbp4,0.29045643153526973,0.28894568191413317,0.15226903617190932
Luc7l2,0.11566390041493776,0.11576169359146354,0.033223070879890994
Lum,0.34699170124481327,0.3442109600181774,0.17763756926723803
Ly6a,0.1078838174273859,0.10824857194113476,0.3340450975147058
Ly6c1,0.237551867219917,0.2385699612819188,0.24021757342664388
Ly6e,0.2520746887966805,0.2542723126776848,0.34002746259418454
Lyz2,0.2437759336099585,0.24557057158728568,0.16448100380336564
Maea,0.11618257261410789,0.11611339754783004,0.03130765225910542
Maf1,0.17738589211618258,0.17748596242773268,0.08167994973373247
Maff,0.10995850622406639,0.11045816626782846,0.14404223573202452
Maged1,0.2266597510373444,0.22579784465000213,0.07102729990155128
Maged2,0.30238589211618255,0.3011319855760926,0.11115357836751572
Magoh,0.13070539419087138,0.1309293114053408,0.06306338084771214
Malat1,0.2157676348547718,0.2160229289572322,0.02841545679727872
Manf,0.1312240663900415,0.13144969016708355,0.07104663462816445
Map1lc3a,0.4113070539419087,0.41003912290865646,0.11044083734701904
Map1lc3b,0.48599585062240663,0.48673034206817933,0.05142497515825951
Map2k2,0.12863070539419086,0.12885793664103878,0.060373279849745956
Mapre1,0.17323651452282157,0.1733374485699887,0.08097091023344777
Marc2,0.1400414937759336,0.14098852250955632,0.1503660401589293
Marcksl1,0.23132780082987553,0.23208915046907236,0.16520770613693994
Mat2a,0.18827800829875518,0.18880776860447754,0.06845993167012634
Mb,0.23392116182572614,0.23341596279595953,0.2562122996126166
Mbnl2,0.10425311203319503,0.10420215879601656,0.02286198934416525
Mcee,0.1187759336099585,0.11823621278487176,0.2070558234284317
Mcfd2,0.15819502074688796,0.15905864902126882,0.11574816204165432
Mcl1,0.11151452282157677,0.11185663148547707,0.13364463361653045
Mcts1,0.10321576763485477,0.10300400326111055,0.04315717241635458
Mdh1,0.3480290456431535,0.347482437056804,0.21105935904163173
Mdh2,0.24533195020746887,0.24473963315411185,0.1688834932161483
Mdk,0.13485477178423236,0.1345933373997907,0.09154755379763724
Mea1,0.10736514522821576,0.10764891808442814,0.0467752151059745
Med10,0.12033195020746888,0.12052803373119172,0.08339062121963894
Med21,0.129149377593361,0.12931808844272458,0.022082068149685215
Med28,0.1841286307053942,0.184772582800029,0.03957927777232314
Meg3,0.366701244813278,0.3630747398252593,0.22272437584691998
Mest,0.2925311203319502,0.2933083416380082,0.15012063689639735
Metap2,0.19761410788381742,0.1976773387260376,0.050531912480996526
Mettl9,0.15352697095435686,0.15337695205209692,0.025087799512918042
Mfap2,0.36566390041493774,0.3624899366553117,0.20401712498985097
Mfap4,0.3153526970954357,0.3123437602183591,0.2231228269450587
Mfap5,0.3163900414937759,0.3158895789420939,0.07169001048023316
Mff,0.16338174273858921,0.16339540174098685,0.07916813393909783
Mfge8,0.32935684647302904,0.3293071019593828,0.01708948537574204
Mgll,0.14989626556016597,0.151399177670665,0.5023333000181283
Mgp,0.8480290456431535,0.8474650306541299,0.0330765297370996
Mgst1,0.145746887966805,0.14618938851359187,0.08164743510379562
Mgst3,0.1037344398340249,0.10363075605125908,0.3159820675406957
Mif,0.30809128630705396,0.30758286471340096,0.07958478471575951
Minos1,0.47406639004149376,0.47421667320972,0.055725227719234355
Mir703,0.11514522821576763,0.11526559585185701,0.07586111903250371
Mlf2,0.2033195020746888,0.20410454216615484,0.08230481985245938
Mmp14,0.3329875518672199,0.3304182209335661,0.20751874450250432
Mmp2,0.41286307053941906,0.4089483810493312,0.18926324398959454
Mmp23,0.18724066390041494,0.18424030576660058,0.33317223473383506
Mmrn2,0.120850622406639,0.1238077408819832,0.5560653776355512
Mob4,0.1524896265560166,0.15297027796010787,0.07040414158455291
Morf4l1,0.10736514522821576,0.10742605017006313,0.059695006508138554
Morf4l2,0.19035269709543567,0.18990824415005741,0.08995750145034644
Mpc2,0.25311203319502074,0.2526890096046349,0.1557346581749749
Mpzl1,0.13641078838174273,0.13652105614910098,0.20852465331847658
Mrfap1,0.262448132780083,0.2618152033884092,0.06884590917898409
Mrpl12,0.14730290456431536,0.1468650741491807,0.20470443540651012
Mrpl13,0.10217842323651452,0.10249940149991787,0.13635348365167885
Mrpl14,0.11825726141078838,0.11829229780257774,0.10504283419440963
Mrpl15,0.11825726141078838,0.1180684885477927,0.08504017374928863
Mrpl17,0.10580912863070539,0.10579224166081098,0.08296707415408808
Mrpl18,0.15767634854771784,0.15703774246857044,0.11155250590505883
Mrpl20,0.20020746887966806,0.2000080460143679,0.06528980992776032
Mrpl23,0.10632780082987552,0.10636625665489703,0.12306942811822734
Mrpl24,0.14107883817427386,0.14118685387468383,0.03305966112955904
Mrpl30,0.23858921161825727,0.23872643656052916,0.05299301169760693
Mrpl33,0.19605809128630705,0.19580054363292104,0.046402375037987366
Mrpl34,0.1504149377593361,0.1506111639947904,0.1169680774090982
Mrpl36,0.11514522821576763,0.11552477389551398,0.16003149313252163
Mrpl4,0.10892116182572614,0.10947727472459254,0.12333997964040098
Mrpl42,0.22717842323651452,0.22744610992806333,0.17954976770732714
Mrpl43,0.11255186721991702,0.1127732928295009,0.109155927016111
Mrpl51,0.1758298755186722,0.1757532190588606,0.1051185857775243
Mrpl52,0.3163900414937759,0.31646537147963655,0.07395894652661011
Mrpl54,0.13226141078838174,0.13203586350690988,0.07632414007981832
Mrpl57,0.11773858921161826,0.11795670797279267,0.06629174705896738
Mrpl58,0.10995850622406639,0.11048167208037024,0.11136235680923458
Mrps12,0.11670124481327801,0.11705622278455904,0.10515923532983662
Mrps14,0.16390041493775934,0.16400892543424622,0.038145194982599454
Mrps16,0.1187759336099585,0.11885808124432626,0.13598685665393634
Mrps17,0.12966804979253113,0.12927071934654275,0.04238657678028135
Mrps18a,0.11203319502074689,0.11157610109936024,0.11850301982745066
Mrps18c,0.10580912863070539,0.1059328448943374,0.09958286059836763
Mrps21,0.18153526970954356,0.181503543253153,0.09203781566739817
Mrps24,0.18516597510373445,0.1847355432039894,0.02865642820358656
Mrps26,0.11410788381742738,0.11434990376747801,0.0690982556458267
Mrps6,0.14885892116182572,0.14797402819870614,0.11556958266346624
Msn,0.19553941908713693,0.19724018943941626,0.19274936966521639
Msrb1,0.1338174273858921,0.1347658257820976,0.17265195772437353
Mt1,0.5824688796680498,0.5811812387959033,0.10446350691862324
Mt2,0.16026970954356848,0.159555200806652,0.20714390049490514
Mtch1,0.20487551867219916,0.20443120513444601,0.08078892004179127
Mtch2,0.18309128630705393,0.18311630537745965,0.048146487836351254
Mtdh,0.31068464730290457,0.31043484436467694,0.08155598370996045
Mtpn,0.11099585062240663,0.11167407007827726,0.11200294905304299
Mtus1,0.10269709543568464,0.10394184332830587,0.2460323054015896
Mtx2,0.12240663900414937,0.12230577629795722,0.08536473377563034
Mustn1,0.14107883817427386,0.1416269991328594,0.10553450032137247
Mxd4,0.24844398340248963,0.24990275350497862,0.1519697169563944
Mxra8,0.23858921161825727,0.23656295542000222,0.2150272934587435
Mybpc3,0.11203319502074689,0.11186889599977239,0.4094952074646959
Mydgf,0.10892116182572614,0.10815310128427218,0.1503616947754177
Myh6,0.31690871369294604,0.3167217748426142,0.2583475356859702
Myh7,0.2971991701244813,0.2964826403614797,0.22211097333172308
Myl12a,0.5938796680497925,0.5926340374622907,0.0447033906819697
Myl12b,0.23962655601659752,0.23994668665038885,0.11482966525434414
Myl2,0.7614107883817427,0.7611479408419932,0.04915175653988743
Myl3,0.6068464730290456,0.606497619905226,0.10093022068915863
Myl4,0.19398340248962656,0.19339691154988164,0.2079666930460402
Myl6,0.6913900414937759,0.6913446580317014,0.026586360437529287
Myl7,0.35477178423236516,0.35359270275179266,0.14905742911438624
Myl9,0.5150414937759336,0.5140005182275007,0.18848524910249898
N6amt1,0.14056016597510373,0.13998125700749556,0.09297215539617888
Naa38,0.17271784232365145,0.173142593159589,0.06642206932963886
Naca,0.5964730290456431,0.5962282999525912,0.016999613860725772
Nap1l1,0.12863070539419086,0.12775354251862522,0.1537605056647402
Napa,0.1592323651452282,0.15938589102408915,0.031412448607243876
Ncl,0.18101659751037344,0.18113842886924744,0.03303401966476838
Ndn,0.14056016597510373,0.139552893470193,0.17128358550559153
Ndrg2,0.21784232365145229,0.21633740939957485,0.23767433140661257
Ndufa1,0.20798755186721993,0.20769416883180639,0.20407247060675676
Ndufa10,0.19657676348547717,0.1961234441476577,0.17691740027431815
Ndufa11,0.4019709543568465,0.4024307365747935,0.1342629236895873
Ndufa12,0.27852697095435686,0.2780900279033818,0.14790700167456589
Ndufa13,0.4559128630705394,0.4557894023978129,0.09504321808336905
Ndufa2,0.5995850622406639,0.5992524912540091,0.06082230742266838
Ndufa3,0.5912863070539419,0.5917081970031763,0.07685046180135957
Ndufa4,0.6592323651452282,0.6596807194404325,0.07347518956380894
Ndufa4l2,0.10321576763485477,0.1034155761109168,0.22909334399899658
Ndufa5,0.6021784232365145,0.6018404044755759,0.08319477046071183
Ndufa6,0.5378630705394191,0.5394607639347163,0.0869154051452929
Ndufa7,0.43568464730290457,0.43528033361990554,0.07633930956478364
Ndufa8,0.18568464730290457,0.18587148065231193,0.13953259329737305
Ndufa9,0.11618257261410789,0.11602978259151012,0.28373448164276405
Ndufab1,0.2074688796680498,0.20669603565197261,0.23774353366712173
Ndufaf8,0.10269709543568464,0.10267505229291696,0.1057841680454478
Ndufb10,0.31431535269709543,0.31407207916039154,0.16612576577260305
Ndufb11,0.35477178423236516,0.3555249551653352,0.12911074671290362
Ndufb2,0.30031120331950206,0.3005762266871112,0.16363401832127944
Ndufb3,0.2204356846473029,0.22055290899192978,0.10466726272530692
Ndufb4,0.1991701244813278,0.1990774544461588,0.1242690993028482
Ndufb5,0.3682572614107884,0.3682051334574424,0.13487788858296723
Ndufb6,0.3926348547717842,0.39243866716370296,0.111135061910536
Ndufb7,0.2754149377593361,0.27531536744104096,0.16463367166620915
Ndufb8,0.4284232365145228,0.42855058177422317,0.11407156849926108
Ndufb9,0.5534232365145229,0.5529814293381609,0.09239989552245736
Ndufc1,0.45487551867219916,0.45494069812921084,0.13220230806253222
Ndufc2,0.3532157676348548,0.3536767058414583,0.08155928066406164
Ndufs2,0.19657676348547717,0.19635967123134934,0.16299574812299164
Ndufs3,0.14522821576763487,0.1449693563168181,0.17455848705856292
Ndufs4,0.18568464730290457,0.18588325177370937,0.13581841416505813
Ndufs5,0.12655601659751037,0.12639867639188693,0.13363734688567402
Ndufs6,0.3729253112033195,0.3718792551353036,0.1054849508553511
Ndufs7,0.33195020746887965,0.33242734035581467,0.17143099083422872
Ndufs8,0.21006224066390042,0.21097952749022866,0.1634547750921366
Ndufv1,0.1737551867219917,0.1732090787444802,0.1784623782184993
Ndufv2,0.28267634854771784,0.2824075630293178,0.17248026866853466
Ndufv3,0.4574688796680498,0.45751752211455543,0.1286126559586806
Nedd4,0.2671161825726141,0.2664640623251925,0.08890770734838042
Nedd8,0.383298755186722,0.383456250527638,0.0207180293839113
Nenf,0.18931535269709543,0.1884777930441212,0.09884440547099911
Nexn,0.1462655601659751,0.14536673293330996,0.41444260630524715
Nfkbia,0.3646265560165975,0.3669387503845638,0.11494495693972297
Nhp2,0.1229253112033195,0.12312744027602529,0.044085350776757626
Ninj1,0.12188796680497925,0.12255693969664136,0.12625148064808475
Nisch,0.1566390041493776,0.15661143088545693,0.03671455077202934
Nme1,0.14056016597510373,0.14087798837120818,0.07619287909516362
Nol7,0.13900414937759337,0.13939714259796654,0.1299916761797817
Nono,0.10580912863070539,0.10588143179328313,0.058555200847519834
Nop10,0.24014522821576764,0.24053876207479308,0.05790973770848262
Npc2,0.43257261410788383,0.4333590476511957,0.028404715069384887
Npdc1,0.10892116182572614,0.10900656015073697,0.08861544221713702
Npm1,0.39522821576763484,0.3946437961084454,0.03275110282619474
Nppa,0.729253112033195,0.7291610664527926,0.060029177694522665
Nrbp1,0.10217842323651452,0.10269126001850197,0.11927321966126408
Nrep,0.1862033195020747,0.18503521639890022,0.1697095282362405
Nrp1,0.1016597510373444,0.10215929619908357,0.2084616691347822
Nsmce1,0.10632780082987552,0.10634051727144898,0.0347525115217279
Ntan1,0.1270746887966805,0.127466353211995,0.07756531086649653
Nucb1,0.12033195020746888,0.1208027136954384,0.08595137021252837
Nupr1,0.11358921161825726,0.11318249018589967,0.2513492030520441
Nxf1,0.13018672199170125,0.1302820466192115,0.04517718688905138
Oaf,0.1441908713692946,0.14422763458783916,0.05481389853342525
Oat,0.14522821576763487,0.14430929532255707,0.18885430211666934
Oaz1,0.6109958506224067,0.6119128322619011,0.033229459992630814
Oaz2,0.1991701244813278,0.1996013710443349,0.0415098726171867
Ociad1,0.25,0.25052209199856174,0.03743970131389515
Ogn,0.18101659751037344,0.17714303864035058,0.42583840075178936
Olfml3,0.13537344398340248,0.1340227649060459,0.22405468579062968
Ostc,0.13641078838174273,0.13595253332950513,0.09077023777062371
Ostf1,0.16493775933609958,0.1665548298619588,0.1802164298834906
Oxct1,0.14056016597510373,0.1397087349248087,0.15928462843005578
P4hb,0.4139004149377593,0.4126074390333521,0.09551961952014239
Pa2g4,0.10684647302904564,0.10709583902240574,0.04109623591439647
Pabpc1,0.4600622406639004,0.4615886562996758,0.07752065483418696
Pabpc4,0.11151452282157677,0.11075714208984082,0.10804269785960173
Paics,0.17116182572614108,0.17213655931833144,0.12875677025828847
Paip2,0.14522821576763487,0.14534201706351407,0.05746968771348295
Palm,0.11825726141078838,0.1202457222041424,0.3888322231081677
Pam16,0.1395228215767635,0.13983056791457268,0.11083893511438522
Papola,0.10943983402489627,0.1095076996103361,0.12450533298531691
Park7,0.24014522821576764,0.24027735312857765,0.04787612388948581
Pcbp1,0.3163900414937759,0.31711821517855265,0.10595075890742907
Pcbp2,0.3262448132780083,0.3270945181310901,0.05500312815639201
Pcolce,0.2411825726141079,0.2375125473706968,0.2972116463987807
Pdap1,0.21524896265560167,0.21482386164984762,0.03545678267562378
Pdcd5,0.2971991701244813,0.29728292342616547,0.0739046952148197
Pdcd6,0.1654564315352697,0.165103565782525,0.04617521170598325
Pdha1,0.17116182572614108,0.17097630847030712,0.18995194678092062
Pdhb,0.12655601659751037,0.12624389216392468,0.2785563358175505
Pdia3,0.16856846473029047,0.16893369512625062,0.08077793262332032
Pdia6,0.18360995850622408,0.1835295425057362,0.12672506234036388
Pdlim1,0.254149377593361,0.2549842611949254,0.05099909443339061
Pdlim2,0.12551867219917012,0.12432859356211884,0.227572747569397
Pdlim3,0.29045643153526973,0.2889747753356108,0.14143427987461613
Pdlim7,0.16856846473029047,0.16869498394175142,0.06432093088025252
Pea15a,0.16493775933609958,0.164866025717761,0.1511145719439539
Pebp1,0.22821576763485477,0.22770836506461764,0.048286497553185655
Pecam1,0.145746887966805,0.14847690711216446,0.5040224257836124
Perp,0.10010373443983403,0.1000817809304235,0.41768597657623857
Pfdn1,0.16026970954356848,0.16080027161614055,0.09415244542317643
Pfdn5,0.4896265560165975,0.49026885249475316,0.04704324990863581
Pfn1,0.41804979253112035,0.41890790661943494,0.023922689545309368
Pgam2,0.2074688796680498,0.20733665058337994,0.2869137456622201
Pgls,0.16856846473029047,0.16880340726094753,0.04520265451853539
Pgrmc1,0.1524896265560166,0.1532995391703922,0.08192799048199485
Phb2,0.20176348547717843,0.20203757542118095,0.06809104531457429
Phf5a,0.14937759336099585,0.14981676660703785,0.08083750440123746
Phlda1,0.14315352697095435,0.14313957103281566,0.03195361933903825
Phlda3,0.10684647302904564,0.10620412127832017,0.11293686953407066
Pigp,0.11670124481327801,0.11649995539307083,0.035534846681871665
Pim3,0.10217842323651452,0.1029478987142686,0.3032116116050507
Pin1,0.10217842323651452,0.10229108041459567,0.03619342006402243
Pink1,0.1908713692946058,0.19064933721081515,0.06226874326774223
Pkig,0.11410788381742738,0.11425509311542728,0.1727734605177191
Pkm,0.2733402489626556,0.2750001722972194,0.15572356585114866
Plin2,0.12033195020746888,0.12004159557737767,0.045739415300203465
Plin3,0.13278008298755187,0.1330136036855289,0.02841827144859636
Pln,0.2899377593360996,0.2894172596965873,0.2983028920289233
Plpp1,0.2349585062240664,0.23611928113977435,0.22887163790801263
Plpp3,0.17219917012448133,0.17442066840659654,0.3654715443542539
Pls3,0.12344398340248963,0.12226926527124973,0.26575897712947283
Plvap,0.133298755186722,0.13729006850167225,0.6016494698705231
Pmp22,0.21524896265560167,0.21385587038175322,0.15255763766115837
Pnkd,0.14989626556016597,0.15035845454078214,0.13428595055849596
Pnrc1,0.2572614107883817,0.25802994979546756,0.10698146841104689
Pofut2,0.13070539419087138,0.12990473551608103,0.1458122421590181
Pold4,0.10892116182572614,0.10937186344803297,0.059105659231285426
Poldip2,0.10632780082987552,0.10638562532006979,0.17192188590409077
Polr1d,0.23392116182572614,0.23421732152436012,0.047666198592546304
Polr2c,0.14937759336099585,0.1493359315726977,0.06014885431283017
Polr2e,0.16130705394190872,0.16150903482208204,0.10338110444194888
Polr2f,0.15612033195020747,0.15602735704524698,0.10565208470403087
Polr2g,0.10425311203319503,0.10431640696279144,0.0390552616430747
Polr2i,0.14367219917012447,0.14417678041828236,0.07715212596438317
Polr2j,0.120850622406639,0.12125684118249554,0.11215399738799119
Polr2l,0.11670124481327801,0.11705793564841935,0.10758082652824678
Polr2m,0.18360995850622408,0.18420007279075476,0.08227536625145446
Pomp,0.24481327800829875,0.24601982275119053,0.11957132980992217
Postn,0.37655601659751037,0.3712105056380077,0.32147380208681625
Ppdpf,0.1312240663900415,0.13123928882410754,0.028779160652905617
Ppia,0.5363070539419087,0.5381499336820545,0.06213102787519847
Ppib,0.2940871369294606,0.2932211977583297,0.08281364299432144
Ppic,0.25,0.24953468879810858,0.12433189266984224
Ppp1ca,0.3008298755186722,0.30151017049172574,0.045563064885514086
Ppp1cb,0.1654564315352697,0.16505245550637324,0.09478654974145351
Ppp1r11,0.10840248962655602,0.10889883015286564,0.10809891407337079
Ppp1r14a,0.10477178423236515,0.10431980675439476,0.2247845297434141
Ppp1r18,0.10684647302904564,0.10735826228220417,0.08632950832155083
Ppp1r2,0.21109958506224066,0.21337402928013086,0.32279645411901087
Ppp2r1a,0.15352697095435686,0.1533419284691823,0.03490540208358685
Ppp2r2a,0.1078838174273859,0.10811316978418427,0.08963090168605112
Prdx1,0.5954356846473029,0.5969524639488348,0.03835264924617811
Prdx2,0.3552904564315353,0.35549084315420715,0.05339092383738503
Prdx4,0.2411825726141079,0.2403419171427123,0.10303573239731391
Prdx5,0.25311203319502074,0.25293257311316847,0.07515232719418764
Prdx6,0.2074688796680498,0.2071958924223575,0.04267641726061906
Prelid1,0.24844398340248963,0.24920919345032527,0.0379340223457183
Prkar1a,0.27852697095435686,0.2794273024516068,0.08187199732958768
Prkcdbp,0.19657676348547717,0.19653014369686775,0.06538374232736037
Prnp,0.1462655601659751,0.14584171711418942,0.07544739809557231
Prpf19,0.10736514522821576,0.10727350600468243,0.13061109020811776
Prpsap1,0.10062240663900415,0.10062272208843288,0.049438004497330094
Psap,0.33713692946058094,0.3388750800280035,0.07789533066889444
Psma1,0.28734439834024894,0.2875666556086726,0.0377046050454818
Psma2,0.3039419087136929,0.30396986976464724,0.01751744869913677
Psma3,0.19813278008298754,0.19791697500389593,0.022991069583148747
Psma4,0.18672199170124482,0.18690342679474048,0.03442959859320173
Psma5,0.1078838174273859,0.10784825055959991,0.022334732651545945
Psma6,0.24221991701244813,0.2425405652333238,0.040653846633819116
Psma7,0.5010373443983402,0.5012845411794674,0.04421021605894916
Psmb1,0.3817427385892116,0.38225413230893523,0.04426444954629697
Psmb2,0.30186721991701243,0.3024718932366798,0.06521440999722922
Psmb3,0.241701244813278,0.24213997077577698,0.02905390612326542
Psmb4,0.23807053941908712,0.237999642702441,0.04608071053905213
Psmb5,0.137448132780083,0.13750936408363612,0.06146208545094901
Psmb6,0.2961618257261411,0.2959678487159728,0.03167265627248754
Psmc2,0.10217842323651452,0.10268582104178646,0.13501583476939663
Psmc3,0.18309128630705393,0.18300441820628252,0.03169466076066737
Psmc4,0.12863070539419086,0.12883004369047313,0.03866327869921954
Psmc6,0.15508298755186722,0.15484078929731365,0.03361858419231259
Psmd11,0.10684647302904564,0.10692029093177428,0.07972305677314954
Psmd12,0.10632780082987552,0.10596884683468902,0.03987377241550639
Psmd4,0.1545643153526971,0.15507014641082512,0.12161769817635103
Psmd6,0.125,0.12508039207825583,0.03568083163990306
Psmd7,0.1758298755186722,0.17595631891213942,0.03960123724957218
Psmd8,0.21369294605809128,0.21386229668485954,0.02649584443677064
Psme1,0.17842323651452283,0.17892552498506184,0.09904367595908152
Psmg4,0.11151452282157677,0.11159340261271881,0.06911970410606279
Ptbp1,0.12033195020746888,0.12067873951818187,0.11848773887650012
Ptgds,0.15404564315352698,0.15369824170508606,0.29248820370522344
Ptgis,0.25778008298755184,0.25496156923732555,0.2636080757478493
Ptma,0.7157676348547718,0.715979137493811,0.054867170409523346
Ptms,0.4341286307053942,0.43476503387268495,0.03425825905724684
Ptn,0.20798755186721993,0.20497663140080996,0.3373973021487038
Ptov1,0.2712655601659751,0.27046759332613385,0.046680857593654965
Ptp4a2,0.10943983402489627,0.10953148843601423,0.05431805925679489
Ptp4a3,0.18827800829875518,0.18840303394180444,0.1347099654535694
Ptrf,0.12240663900414937,0.12305259360744888,0.10365858804418285
Pttg1,0.1338174273858921,0.13352224876832505,0.05763052747983816
Pttg1ip,0.2328838174273859,0.2346560781896979,0.16376938252573747
Puf60,0.13174273858921162,0.132168458547017,0.05915477598032328
Pxdn,0.10114107883817428,0.10092374034849068,0.10352049118036638
Qsox1,0.10580912863070539,0.10608779311348752,0.05543050702362269
Rab10,0.11047717842323651,0.11099715850302537,0.13496935989647343
Rab11a,0.3744813278008299,0.3770577230640172,0.1892423805595995
Rab11b,0.2095435684647303,0.2093320957223894,0.03349351974404107
Rab14,0.23962655601659752,0.24030677874187234,0.0729447402489425
Rab18,0.12344398340248963,0.12318139552693941,0.06810975847378287
Rab1a,0.21161825726141079,0.2121054287923352,0.06874981687357576
Rab2a,0.18724066390041494,0.18662673408896469,0.05535781231510183
Rab34,0.10840248962655602,0.1068521812334762,0.32949056029445134
Rab5c,0.11721991701244813,0.11839906669418247,0.2019090055739968
Rab6a,0.18205394190871368,0.18148093690698588,0.10064288903705969
Rab7,0.16182572614107885,0.16207447919877793,0.06242436835909285
Rabac1,0.4507261410788382,0.45084531435451053,0.028650755282352478
Rabl6,0.11151452282157677,0.11113841292046252,0.07356166855279354
Rac1,0.241701244813278,0.2431832353227598,0.14704432149144872
Rack1,0.5223029045643154,0.5223455684086589,0.019971252588649666
Rala,0.1358921161825726,0.13592317513964225,0.08806966164129067
Ralbp1,0.1545643153526971,0.15442178263297976,0.024692316224634022
Raly,0.23443983402489627,0.23503689871282069,0.06320347439768849
Ramp2,0.520746887966805,0.5242602510093116,0.21763776646129324
Ran,0.21369294605809128,0.21399129037410078,0.05910714768735517
Ranbp1,0.15300829875518673,0.1528011136915671,0.08851017501368487
Rap1a,0.1358921161825726,0.13714963486541842,0.1814450512670518
Rap1b,0.17012448132780084,0.17110198553949285,0.1401561669402354
Rarres2,0.17738589211618258,0.1755518415423954,0.2555878121874189
Rasl11b,0.11929460580912864,0.1180703880357686,0.18046669968953025
Rassf1,0.1016597510373444,0.10194279620192902,0.14106411228627785
Rbbp4,0.11203319502074689,0.11222407129204205,0.06811253206333723
Rbbp7,0.10684647302904564,0.10681032617780652,0.048298459200942355
Rbm25,0.1908713692946058,0.19159905730917973,0.07355334957924156
Rbm39,0.25933609958506226,0.26010598745345764,0.08214600274476992
Rbm8a,0.17427385892116182,0.17436922283213346,0.025999901516416613
Rbms1,0.1950207468879668,0.19573349092119463,0.10424270610839717
Rbp1,0.46265560165975106,0.46164724545743663,0.10215609355384579
Rbp7,0.1400414937759336,0.14105376034318087,0.4124585201615922
Rbpms,0.18672199170124482,0.18636179884403994,0.12609708188576302
Rbx1,0.3698132780082988,0.37108814488941694,0.07272485600304925
Rcn1,0.1566390041493776,0.1561347116118261,0.09825787876440178
Rcn3,0.2676348547717842,0.2658870191861106,0.17700995272327108
Rcsd1,0.13070539419087138,0.13096559722521797,0.04885052008410502
Rdx,0.19139004149377592,0.19279821569679823,0.18784842103172908
Reep5,0.32728215767634855,0.3281179884793773,0.0782626648636825
Rer1,0.10892116182572614,0.10901359947769244,0.06195957717391791
Retnlg,0.13900414937759337,0.13947223019470453,0.124140718815485
Rexo2,0.10477178423236515,0.10402210183799757,0.1599748042627355
Rfk,0.10114107883817428,0.10264088702406646,0.35212738910435054
Rgcc,0.11047717842323651,0.11107963363555964,0.6419626026341807
Rgs5,0.10580912863070539,0.1060604560554306,0.23348259906996774
Rheb,0.145746887966805,0.14547766090759542,0.02014390918804161
Rhoa,0.3947095435684647,0.39555120683793027,0.08582703373600191
Rhob,0.2142116182572614,0.21511163964434202,0.16575870062972173
Rhoc,0.4362033195020747,0.4357581655604796,0.07224988710234914
Rhog,0.10062240663900415,0.10101804766310654,0.06624570662223277
Rhoj,0.14056016597510373,0.140783103368721,0.1364150400226222
Rit1,0.13018672199170125,0.13052417024472898,0.10320843724846368
Rn7sk,0.145746887966805,0.14667193590498426,0.11797991493647635
Rnase4,0.1566390041493776,0.1560447705245394,0.14789021098998806
Rnf10,0.10425311203319503,0.10418789627934469,0.04224661488647665
Rnf167,0.1146265560165975,0.11501975915394012,0.08511061657373335
Rnf187,0.16338174273858921,0.16323835152493638,0.027398437751740567
Rnf7,0.15093360995850622,0.15136716745441825,0.09921959803205939
Rnh1,0.1462655601659751,0.14629880553082428,0.06196212603337234
Romo1,0.2899377593360996,0.28985494614564916,0.034503805483888574
Rp9,0.14937759336099585,0.14929916451300296,0.03326641656233325
Rpl10,0.8921161825726142,0.8920123671358086,0.0037784707987787184
Rpl10a,0.5731327800829875,0.5729813025606377,0.017531036535502073
Rpl11,0.9087136929460581,0.9089329241648668,0.01016899299773227
Rpl12,0.4802904564315353,0.48075368884287145,0.024057141608083938
Rpl13,0.9600622406639004,0.9602132374972081,0.006373796782553048
Rpl13a,0.11618257261410789,0.11644449786792606,0.09430408703566054
Rpl14,0.8407676348547718,0.841210505465027,0.0104948965656748
Rpl15,0.5311203319502075,0.5319350977588768,0.03230806615685471
Rpl17,0.7074688796680498,0.7079831313728585,0.030050640936378683
Rpl18,0.7593360995850622,0.7595421995136228,0.023698595540688237
Rpl18a,0.9761410788381742,0.9761628215660585,0.004362915110794031
Rpl19,0.6545643153526971,0.6549203492350925,0.020441161055949255
Rpl21,0.774896265560166,0.7751862959382553,0.010476332287427899
Rpl22,0.7100622406639004,0.7108696965345428,0.03213341087612872
Rpl22l1,0.47406639004149376,0.47476924681979815,0.060855718335274006
Rpl23,0.8755186721991701,0.8758248411327043,0.005109732278621488
Rpl23a,0.8008298755186722,0.800677379978389,0.015303218416509468
Rpl24,0.39315352697095435,0.39355628034839163,0.052632761160295284
Rpl26,0.8962655601659751,0.89666692236195,0.012673931577470696
Rpl27,0.6794605809128631,0.6802656273335959,0.02794000697133392
Rpl27a,0.6021784232365145,0.6028294071881712,0.023909915064752804
Rpl28,0.6976141078838174,0.6980352373439302,0.016810763296466205
Rpl29,0.5020746887966805,0.5021026542729674,0.05781744758560474
Rpl3,0.7629668049792531,0.7634847782621145,0.030676308312551515
Rpl30,0.8438796680497925,0.8441137094377734,0.016404005559276
Rpl31,0.8573651452282157,0.8575271708672259,0.007775402524260069
Rpl32,0.9802904564315352,0.9803669850106719,0.0011335125282295434
Rpl34,0.8703319502074689,0.8707697989558912,0.010868272374212737
Rpl35,0.8070539419087137,0.8072045977458748,0.012946689750306809
Rpl35a,0.7173236514522822,0.7183386702039828,0.0325843305744924
Rpl36,0.9071576763485477,0.9072551967212327,0.002917767754997835
Rpl36a,0.7883817427385892,0.7885424241805224,0.021097948066482495
Rpl36al,0.32935684647302904,0.32868951785020367,0.04838917221812566
Rpl37,0.9522821576763485,0.9521716897022021,0.0025948844433879175
Rpl37a,0.9320539419087137,0.9321650100819846,0.004854043408676053
Rpl37rt,0.1270746887966805,0.12757212979679786,0.06626047857180313
Rpl38,0.7946058091286307,0.7944955314247807,0.009335439093255002
Rpl39,0.8438796680497925,0.8437718500781789,0.006646969241492666
Rpl39-ps,0.1016597510373444,0.10151781738800329,0.0645287675689378
Rpl4,0.8174273858921162,0.8169648633299097,0.018837889920891047
Rpl41,0.9948132780082988,0.9947902153996268,0.0024154910923752846
Rpl5,0.5269709543568465,0.5272895960427977,0.014313143462813762
Rpl6,0.6950207468879668,0.695794484926982,0.037311976104442444
Rpl7,0.8106846473029046,0.8108068693208351,0.017342099851765786
Rpl7a,0.2889004149377593,0.28920161998399296,0.04592576343887799
Rpl8,0.8402489626556017,0.8401047598722333,0.010276338918973303
Rpl9,0.6384854771784232,0.6393470283830892,0.03510910266665592
Rplp0,0.9144190871369294,0.9142331550317971,0.0072543356934708005
Rplp1,0.9403526970954357,0.9404993302379868,0.004785411729902594
Rplp2,0.8371369294605809,0.8377558364181742,0.011011316298881411
Rpn1,0.10892116182572614,0.10855513977952141,0.09491231246727004
Rpn2,0.137448132780083,0.13685029026566464,0.10580965827396004
Rpp21,0.12136929460580913,0.12164396202942855,0.06409423857507388
Rps10,0.5233402489626556,0.5246555947135171,0.05590221195899217
Rps11,0.8988589211618258,0.8991803035733736,0.015275616850219024
Rps12,0.8335062240663901,0.8339575076480107,0.010291298751181814
Rps13,0.8272821576763485,0.8276397240960941,0.022174989478233337
Rps14,0.9704356846473029,0.9705432346976302,0.0033780280480052737
Rps15,0.8267634854771784,0.8267610239334208,0.005749342357532755
Rps15a,0.9486514522821576,0.9485303303718569,0.002953387530138437
Rps16,0.8314315352697096,0.8316951179389328,0.012433800789233689
Rps16-ps2,0.2245850622406639,0.22519653658281655,0.07326714512493819
Rps17,0.8060165975103735,0.8065183523560474,0.01963394041560671
Rps18,0.7723029045643154,0.7728398101048557,0.025251686253454354
Rps19,0.9076763485477178,0.9078693291852447,0.02233024498479164
Rps2,0.7977178423236515,0.7973394671473685,0.015405920041695281
Rps20,0.8070539419087137,0.8071883657285028,0.013349460124906953
Rps21,0.8506224066390041,0.8509720115350011,0.014835802270990267
Rps23,0.8744813278008299,0.8752328895335052,0.020651609472732656
Rps24,0.8521784232365145,0.8524256952043054,0.014615995787676708
Rps25,0.7624481327800829,0.7629301923456383,0.02350047052243437
Rps26,0.9434647302904564,0.9435268221584602,0.007363320111235895
Rps27,0.9896265560165975,0.9896730191830589,0.0044506829542876845
Rps27a,0.8807053941908713,0.8807972415377276,0.007861749508839283
Rps27l,0.4901452282157676,0.4901145474578526,0.016830022778419843
Rps27rt,0.10269709543568464,0.10294720951285354,0.11956983324894262
Rps28,0.7085062240663901,0.7090418476880669,0.040605480601157325
Rps29,0.9797717842323651,0.979879323428784,0.0035303010758251856
Rps3,0.8008298755186722,0.8010163510284961,0.02768154347366673
Rps3a1,0.8822614107883817,0.8815289062479601,0.018566427311600908
Rps4l,0.12448132780082988,0.12468545497728434,0.04406064879153182
Rps4x,0.6965767634854771,0.6962079162562744,0.014031738060467208
Rps5,0.821058091286307,0.8209922336828266,0.018228313278108147
Rps6,0.3220954356846473,0.32323053222319503,0.13422175391742758
Rps7,0.850103734439834,0.8507884492172498,0.0198776044249174
Rps8,0.7909751037344398,0.7908753940574148,0.004190402996240937
Rps9,0.9377593360995851,0.9379465819198449,0.007772113653855012
Rpsa,0.7717842323651453,0.7726461014190634,0.01740958651987392
Rrad,0.10943983402489627,0.10903547602926392,0.2508383826080622
Rraga,0.11825726141078838,0.11833160482969049,0.10629738384999163
Rras,0.10425311203319503,0.1043799315053044,0.04577579763552577
Rrbp1,0.15560165975103735,0.1554841619772767,0.06884709482632649
Rrp1,0.12448132780082988,0.12438849147930214,0.06477728972637416
Rsrp1,0.21265560165975103,0.2134733046537329,0.08417203476274883
Rsu1,0.1924273858921162,0.19288013595268616,0.048445556342621585
Rtf1,0.17219917012448133,0.17249616792141637,0.0681358227153107
Rtn3,0.14782157676348548,0.14875163790328605,0.18883292137143204
Rtn4,0.17116182572614108,0.1714184581528828,0.0815330012510515
S100a1,0.1862033195020747,0.18656364084564725,0.19198397352485103
S100a10,0.4211618257261411,0.42206615595457503,0.14545704064024229
S100a11,0.483402489626556,0.4835224115048979,0.04580278496347896
S100a13,0.23858921161825727,0.23980431409703376,0.1492786313305347
S100a16,0.20850622406639005,0.20953860965495305,0.28539008083896394
S100a6,0.4092323651452282,0.4076497235462318,0.09205142885827125
S100a8,0.483402489626556,0.4838230277007384,0.08580280145356599
S100a9,0.24896265560165975,0.24901242374580398,0.10541563284992898
Samm50,0.13018672199170125,0.13041605406692727,0.15118857758453472
Sap18,0.1146265560165975,0.11482702355819158,0.06265947710605642
Sar1a,0.16701244813278007,0.16655811269422852,0.08236847507986383
Saraf,0.19865145228215766,0.19922957232540625,0.08474834829477755
Sat1,0.21006224066390042,0.21078679242857767,0.07698272568837981
Scand1,0.12240663900414937,0.12253407685070049,0.04491577603961659
Sdc2,0.1270746887966805,0.12543969220371687,0.28327429355899364
Sdcbp,0.15819502074688796,0.1593029944343338,0.0980919039435813
Sdf4,0.16182572614107885,0.16195946779071385,0.09214970391246266
Sdha,0.20383817427385892,0.20341285177992133,0.16504559961392168
Sdhb,0.27385892116182575,0.2728578242046516,0.15433716910331566
Sdhc,0.21887966804979253,0.21931561671242925,0.15581685558866262
Sdpr,0.23807053941908712,0.24118188741038857,0.36992838316903287
Sec11a,0.23858921161825727,0.23833652239750094,0.03498169147576817
Sec13,0.19035269709543567,0.19009517008767882,0.039713325689323266
Sec61a1,0.16701244813278007,0.16806935040701318,0.14867674234452777
Sec61b,0.39782157676348545,0.3979216426118808,0.07120520857482374
Sec61g,0.3065352697095436,0.30646719501957514,0.031051730153458593
Sec62,0.508298755186722,0.508071057432868,0.058910484072651786
Selenbp1,0.18049792531120332,0.1804277513670956,0.10573101207941875
Selenof,0.29149377593361,0.29229518000283194,0.08154132362752671
Selenoh,0.18101659751037344,0.18158314591013522,0.05611668390380075
Selenok,0.28112033195020747,0.28119798975762483,0.01277058256520229
Selenom,0.15767634854771784,0.15718549018615785,0.087986820194217
Selenop,0.4050829875518672,0.40741706683981993,0.14373057801335704
Selenos,0.145746887966805,0.14517906992260893,0.10712505623576482
Selenow,0.516597510373444,0.5173346478680162,0.030544056412861335
Sem1,0.3360995850622407,0.3374067557452568,0.08097964227453149
Sept4,0.17738589211618258,0.1770634419150121,0.08192607357807391
Sept7,0.2437759336099585,0.2430720203058713,0.08288963058221267
Serbp1,0.375,0.3757742930389425,0.05804251594342972
Serf1,0.1078838174273859,0.10701158612010184,0.18932373550623338
Serf2,0.3646265560165975,0.36397851817160753,0.022395791839900998
Serinc1,0.13433609958506224,0.13459283105895836,0.06083223847865493
Serinc3,0.2567427385892116,0.25925284867586973,0.20362330929016118
Serp1,0.1716804979253112,0.17161660028312414,0.0593739873480627
Serpinb6a,0.1607883817427386,0.16069895492189792,0.022125142195836486
Serpine2,0.1037344398340249,0.10322662433231755,0.18666157831321212
Serping1,0.16701244813278007,0.16512773382447987,0.30202323414007776
Serpinh1,0.48858921161825725,0.48698154853597253,0.10231366700003543
Sertad1,0.1270746887966805,0.12768397589425642,0.15182011211581925
Sf3b1,0.16804979253112035,0.16880318703773484,0.08898791310128946
Sf3b2,0.1338174273858921,0.1337508953657953,0.02488174988558665
Sf3b5,0.17427385892116182,0.17521698520800952,0.07293614355214847
Sf3b6,0.15404564315352698,0.15440414087148246,0.06275905672213987
Sfr1,0.1887966804979253,0.18943069947513377,0.08430994373193768
Sfrp1,0.14989626556016597,0.14769413431297018,0.2966578143534813
Sfrp2,0.1825726141078838,0.18020217575680228,0.28798377523444996
Sgk1,0.21109958506224066,0.21312234399720842,0.3662930331904728
Sh3bgrl,0.1628630705394191,0.16307649500803753,0.09759880556009014
Sh3bgrl3,0.34647302904564314,0.3493443772835084,0.14754262255281936
Sh3bp5,0.13070539419087138,0.1301844434734121,0.10391576882580826
Sh3glb1,0.3360995850622407,0.3377199809446093,0.10448180104838667
Shisa5,0.1950207468879668,0.19604993882552346,0.11228144876967615
Sin3b,0.23807053941908712,0.23903535220848166,0.08872481524301025
Sirt2,0.10321576763485477,0.10336095133651621,0.034022221818153606
Siva1,0.11358921161825726,0.11336604470250322,0.11637733108435246
Skp1a,0.20072614107883818,0.20032624301511964,0.028519682645198333
Slc16a2,0.36099585062240663,0.35900097402970177,0.14853793375274388
Slc25a11,0.10840248962655602,0.10817726671757076,0.2245801428448552
Slc25a3,0.5036307053941909,0.5039330305284019,0.10626770583444214
Slc25a39,0.14263485477178423,0.14247443479406577,0.07821385380894817
Slc25a4,0.8817427385892116,0.881110464725287,0.033548529570287755
Slc25a5,0.7614107883817427,0.7610846023022448,0.04046081908002509
Slc29a1,0.14263485477178423,0.14308307029545456,0.12226859582463419
Slc38a2,0.20383817427385892,0.20410357548968902,0.059976656887039355
Slc43a3,0.14522821576763487,0.14490686635202274,0.07315349171295746
Slc50a1,0.12811203319502074,0.12727223266525867,0.14251163301467412
Slc6a6,0.11566390041493776,0.11654953109658721,0.43325489643045195
Slc9a3r2,0.20435684647302904,0.20635348746955756,0.3568394014392802
Slirp,0.21939834024896265,0.2199362435166974,0.07754381510999228
Sln,0.29045643153526973,0.2903193246880177,0.12869689128636833
Smap1,0.13278008298755187,0.13316724899877566,0.107239881729799
Smdt1,0.3309128630705394,0.3310578020720567,0.06768458286978223
Smim11,0.10321576763485477,0.10321315714887504,0.05881682540404618
Smim14,0.12551867219917012,0.12543906823527987,0.04101033437601613
Smim4,0.11307053941908714,0.11287622527415068,0.19431802692031452
Smim7,0.13537344398340248,0.13536030048169956,0.026171264177021234
Smpdl3a,0.1592323651452282,0.15961632990744265,0.061843797795425655
Smpx,0.13537344398340248,0.13481875616099478,0.5055671684677002
Smtnl2,0.10114107883817428,0.10121066617232435,0.06939991162281932
Snhg1,0.11566390041493776,0.11558090911676658,0.027669671489440842
Snhg18,0.1628630705394191,0.16084227476709145,0.3011809362225406
Snhg3,0.1841286307053942,0.18439236555955985,0.052124371169110256
Snhg5,0.13692946058091288,0.13718111095384125,0.08314562516066082
Snrnp27,0.14159751037344398,0.14186647769481397,0.06854751136588651
Snrnp70,0.13848547717842324,0.13849535241852923,0.05329923805911426
Snrpa1,0.11981327800829876,0.11968211368907901,0.041425541657670484
Snrpb,0.35114107883817425,0.35149457204479245,0.03140696241893747
Snrpb2,0.1950207468879668,0.19510181742142868,0.06435333723799756
Snrpc,0.12551867219917012,0.1256685867937771,0.04982635502547748
Snrpd1,0.1690871369294606,0.16888275424579366,0.029110860630492737
Snrpd2,0.229253112033195,0.23001598614844113,0.07262090150780007
Snrpd3,0.2546680497925311,0.25481517557529804,0.020524020443703148
Snrpe,0.2987551867219917,0.2991449463002794,0.027382110523732975
Snrpg,0.44450207468879666,0.4456080081535843,0.03316107251968774
Snu13,0.15819502074688796,0.15910294213589982,0.1519886307620337
Snw1,0.10580912863070539,0.10605035118692135,0.0378618812573718
Snx3,0.3355809128630705,0.33743276350434703,0.14698404679179244
Snx5,0.10114107883817428,0.10250428459975763,0.21730756780546678
Snx6,0.10269709543568464,0.10300586368616593,0.12352101945604281
Socs2,0.21369294605809128,0.21261077690576946,0.09610650384365073
Socs3,0.10840248962655602,0.10855527907825518,0.07278915405979705
Sod1,0.28319502074688796,0.28437783558203195,0.11968965921576034
Sod2,0.21317427385892115,0.21287931089646692,0.21724895787467347
Son,0.5949170124481328,0.5958273970895709,0.04085717065218334
Spag7,0.13070539419087138,0.1308952632746384,0.04345941489724669
Sparc,0.9652489626556017,0.9644760632075459,0.017837683326522948
Sparcl1,0.3407676348547718,0.33912960386313246,0.11929037796348164
Spcs1,0.350103734439834,0.3504864595191382,0.0390339926857794
Spcs2,0.1275933609958506,0.12771862860197455,0.03396835888534068
Sptbn1,0.1358921161825726,0.13673477767944373,0.16028801850272648
Sptssa,0.12033195020746888,0.12042385878791145,0.04594605972422311
Sqstm1,0.32313278008298757,0.32320377165526787,0.012202480656107224
Sra1,0.14263485477178423,0.14281464712952016,0.028213840918152135
Sri,0.2889004149377593,0.2902979050694706,0.1102797838489166
Srp14,0.2474066390041494,0.24777105528656906,0.022644680748486242
Srp19,0.20020746887966806,0.20060571977377617,0.05945308731361742
Srp72,0.10529045643153527,0.10541708480693494,0.10143821705326739
Srp9,0.14522821576763487,0.1454404917545829,0.06310942454821322
Srrm2,0.1146265560165975,0.11535820072183271,0.1293498529033143
Srsf11,0.28526970954356845,0.2857573010714945,0.06470180785843696
Srsf2,0.19605809128630705,0.19607348053724993,0.03118107007055656
Srsf3,0.3013485477178423,0.30212805812848426,0.055604336658490766
Srsf5,0.145746887966805,0.14608205816123834,0.08016756133432962
Srsf6,0.14522821576763487,0.14572915016306331,0.04277192727064171
Srsf7,0.14522821576763487,0.14546473451380554,0.041370743479086924
Ss18l2,0.11151452282157677,0.11124801009169227,0.19314251353127188
Ssb,0.10995850622406639,0.11050639324140382,0.12826130097882607
Ssna1,0.18360995850622408,0.1841725720346211,0.05473915707000447
Ssr2,0.3034232365145228,0.3023990321287981,0.09769965715068982
Ssr3,0.18568464730290457,0.18498090431010852,0.09711197278989886
Ssr4,0.29564315352697096,0.29470001270224644,0.07469390235463015
Ssu72,0.18101659751037344,0.1813360853206612,0.13819666773395242
St13,0.10840248962655602,0.1090096729361699,0.1066126798767644
Stfa1,0.17271784232365145,0.17289193719092474,0.10833172196841108
Stk25,0.11773858921161826,0.11777240992573397,0.09469579501142612
Stmn1,0.16026970954356848,0.1607831946684563,0.09623299754450138
Stub1,0.20695020746887965,0.20639150544792137,0.0543684451035494
Stx5a,0.11773858921161826,0.11828716690473706,0.15005719926498506
Sub1,0.5114107883817427,0.5122712464379472,0.045517735042768494
Sucla2,0.10062240663900415,0.10023171263712562,0.1663615076839057
Suclg1,0.1970954356846473,0.1963640933952498,0.2004882455020224
Sugt1,0.11255186721991702,0.11281936657650311,0.08347689593537569
Sult1a1,0.19346473029045644,0.19533664308451987,0.24171691823018035
Sumo1,0.12188796680497925,0.122256617994058,0.05668147907270072
Sumo3,0.15975103734439833,0.159702570883589,0.04695252880339615
Supt4a,0.12396265560165975,0.12430862800737105,0.05492348298708297
Surf4,0.2074688796680498,0.20718755941675995,0.07600023685242158
Svbp,0.15560165975103735,0.15581523379867526,0.030004608486938818
Swi5,0.44968879668049794,0.44870029659965693,0.04363935947395501
Syf2,0.11981327800829876,0.12036222772846232,0.12779926869014738
Sypl,0.13796680497925312,0.1394004599833828,0.2595374921120844
Sys1,0.11670124481327801,0.11737807730842258,0.10329248346552133
Taf1d,0.14107883817427386,0.14139144122270272,0.052764957757039814
Tagln2,0.6369294605809128,0.6380206955112301,0.08458843538982247
Taldo1,0.1441908713692946,0.14489189740133424,0.1280276140026393
Tax1bp1,0.13070539419087138,0.13105318872048477,0.097059993838993
Tbca,0.31275933609958506,0.3133740665592832,0.04326373563892329
Tbcb,0.2546680497925311,0.2544661932815025,0.03373797549854271
Tbrg1,0.13433609958506224,0.13439230255100235,0.025059914397975454
Tbx20,0.1737551867219917,0.17158928855519465,0.2931384310864285
Tceal8,0.19657676348547717,0.19653762062783403,0.03936934477872807
Tceal9,0.4725103734439834,0.47319429321474316,0.055661869093323255
Tcf21,0.17531120331950206,0.1718107131766961,0.4208989634156264
Tcf25,0.17894190871369295,0.17875975813661882,0.04141106227263718
Tcf4,0.15508298755186722,0.15518094353095532,0.15711462301986917
Tcn2,0.1566390041493776,0.15830674873892125,0.24398103724974615
Tcp1,0.1483402489626556,0.14866689230900926,0.07929331333771972
Tead2,0.11047717842323651,0.11071153087430773,0.07660611613515787
Tecr,0.19813278008298754,0.19868551765607426,0.06962276601760409
Tex261,0.1592323651452282,0.15920768777267247,0.049927559494789914
Tfpi,0.16493775933609958,0.16493301285856193,0.0678342801969926
Tgfb1i1,0.1675311203319502,0.16689779491172327,0.12377307947063357
Tgfbi,0.11358921161825726,0.11586407132376403,0.40461921286029445
Thoc7,0.17634854771784234,0.1764660378477662,0.027698240440547615
Thra,0.16390041493775934,0.1634100668728093,0.09774159498524447
Timm13,0.23236514522821577,0.23214336873233377,0.0706900462958942
Timm17a,0.13796680497925312,0.13756215460830465,0.07246316765210953
Timm17b,0.1037344398340249,0.10382920778898479,0.05878819520402631
Timm8b,0.3008298755186722,0.3010577774803337,0.09645575479152932
Timp2,0.15093360995850622,0.1497300326309211,0.19875111233366652
Timp3,0.23236514522821577,0.23234391450476846,0.08544087974048005
Tm2d2,0.17012448132780084,0.1695967060127371,0.07835885093949377
Tm4sf1,0.4118257261410788,0.41508086372766023,0.11806818011398057
Tm9sf3,0.1841286307053942,0.184216928423164,0.07200579119423992
Tma7,0.21939834024896265,0.22006908645524806,0.0727130027089789
Tmbim4,0.12551867219917012,0.12615635805851308,0.11134847653371448
Tmbim6,0.19657676348547717,0.1978335267626123,0.18417677592557585
Tmco1,0.13070539419087138,0.13131589872660498,0.08372876361241008
Tmed10,0.24429460580912862,0.24411529760737,0.03382376949557484
Tmed3,0.1696058091286307,0.16852338373256595,0.13459611937416818
Tmed9,0.18309128630705393,0.18306794186206218,0.042280080054429986
Tmem109,0.13900414937759337,0.1387729108347216,0.10699408969111303
Tmem11,0.11307053941908714,0.11293359973470612,0.044339257672019225
Tmem134,0.13900414937759337,0.13912483293421532,0.03098999628975379
Tmem147,0.14937759336099585,0.14919827650936313,0.07130942489038579
Tmem14c,0.21317427385892115,0.21390652828999723,0.0737635646318612
Tmem160,0.11047717842323651,0.1105813559438891,0.06875392889956138
Tmem167,0.2328838174273859,0.23233639853732965,0.07462323068450064
Tmem176a,0.11670124481327801,0.11717189083492308,0.13822528033727663
Tmem176b,0.2567427385892116,0.2581381676131413,0.12980456226886514
Tmem204,0.10580912863070539,0.10694258477634083,0.34701474236178126
Tmem208,0.12811203319502074,0.12874557940669673,0.11054335484052082
Tmem234,0.26815352697095435,0.2690621159332529,0.11631786801636902
Tmem242,0.10995850622406639,0.1102693794186258,0.11261853833424879
Tmem256,0.3288381742738589,0.3289737754261834,0.031777272397723794
Tmem258,0.41545643153526973,0.41591632616550434,0.04245221600558233
Tmem261,0.12396265560165975,0.1242241875413094,0.07461903914758902
Tmem50a,0.4071576763485477,0.40772793488970427,0.049028428881236784
Tmem59,0.2743775933609959,0.27502746120375265,0.0666937110658471
Tmsb10,0.7946058091286307,0.7953928792696277,0.02794580415729185
Tmsb4x,0.9771784232365145,0.9774946813853269,0.005891175930719461
Tnfaip1,0.17116182572614108,0.17277340776160116,0.2521353018948018
Tnfrsf1a,0.14937759336099585,0.15007435880607486,0.1677627064848954
Tnnc1,0.5186721991701245,0.5182795271987539,0.1584817739805725
Tnni1,0.2837136929460581,0.28325040754760905,0.29590564704802624
Tnni3,0.4279045643153527,0.4274276424393377,0.2091997401705332
Tnnt2,0.733402489626556,0.7323256106808904,0.07404824897033133
Tnrc6a,0.1229253112033195,0.12302923863740071,0.03936119880882848
Tns1,0.10062240663900415,0.10079663461709011,0.07337944696635579
Tomm22,0.22769709543568464,0.22841315632970077,0.07441281162640541
Tomm5,0.14937759336099585,0.14922657180033258,0.04954831334513706
Tomm7,0.23132780082987553,0.23180964305405877,0.06768357017781819
Tonsl,0.15197095435684646,0.15295585875338924,0.1138392474567724
Top1,0.10892116182572614,0.10945242413713402,0.17479438834120248
Toporsos,0.1566390041493776,0.15638388557551475,0.04577928484429002
Tpd52l2,0.17842323651452283,0.17831386489912182,0.03551112712267298
Tpi1,0.21628630705394192,0.21625458090654082,0.19300621322905803
Tpm1,0.7468879668049793,0.7462203014989574,0.0879890904795326
Tpm2,0.2551867219917012,0.25440384459497495,0.26518668781698945
Tpm3,0.137448132780083,0.13818764520658075,0.10351076708309824
Tpm4,0.3552904564315353,0.35548328523951706,0.11874898233558433
Tprgl,0.25778008298755184,0.25744094395020195,0.06296550223830552
Tpt1,0.7935684647302904,0.7936705000766893,0.014173870960616564
Tra2b,0.16182572614107885,0.1619774063101189,0.06129531416756434
Trappc1,0.14730290456431536,0.147320928943392,0.05457056826451322
Trappc2l,0.125,0.12547577905945448,0.11830994488928823
Trappc4,0.10995850622406639,0.11005484864600977,0.08801102833595215
Trim47,0.18153526970954356,0.18199100454049677,0.06887785398935818
Trmt112,0.14470954356846474,0.14470849986304332,0.02667068089867074
Tsc22d1,0.2505186721991701,0.25130485329895835,0.0574530513207178
Tsc22d3,0.137448132780083,0.13833955625127192,0.15521932138337335
Tsen34,0.1825726141078838,0.18212646854225678,0.04439266046318531
Tsg101,0.13226141078838174,0.13230398408658742,0.046408915937882225
Tsn,0.1395228215767635,0.13928362057573088,0.06754900003919813
Tspan13,0.10995850622406639,0.11192305673699744,0.5637205641992497
Tspan3,0.28526970954356845,0.28435950761246365,0.10398999959357587
Tspan4,0.12966804979253113,0.13032219410017457,0.14322234732449302
Tspan6,0.14782157676348548,0.1498845432247544,0.37944745743655134
Tspan7,0.10062240663900415,0.10077841663643576,0.34561157318979646
Tspo,0.2411825726141079,0.24195606796180485,0.04394620896117138
Tuba1a,0.279045643153527,0.27710816130334215,0.1540660272073197
Tuba1b,0.24481327800829875,0.24457959295985235,0.025669900395493394
Tubb2a,0.1229253112033195,0.1235936245748961,0.2506708703122698
Tubb4b,0.14159751037344398,0.14225243354474043,0.08492609917116253
Tubb5,0.3366182572614108,0.3368863670773387,0.062016700988712724
Txn1,0.33713692946058094,0.337637804909032,0.03235065821374807
Txn2,0.1628630705394191,0.16254482750085641,0.06602636215081752
Txndc12,0.10114107883817428,0.10105063860962682,0.05206229190642223
Txndc17,0.2505186721991701,0.2509639914708798,0.057460287695926635
Txndc9,0.1016597510373444,0.10177513822741385,0.06035687757762852
Txnip,0.37811203319502074,0.3789966716799793,0.0900710735409051
Txnl1,0.17271784232365145,0.17270489655889434,0.016488738517966717
Tyrobp,0.12551867219917012,0.1278914198336669,0.3291547239630366
U2af1,0.1462655601659751,0.14662231125946246,0.08725783012232856
Uba2,0.1400414937759336,0.14019258917141172,0.16907528217526166
Uba52,0.2012448132780083,0.20154107707821617,0.06563586010336875
Ubb,0.9507261410788381,0.9510409824796948,0.006988313099031396
Ubc,0.47614107883817425,0.47780997146812654,0.08228810201601318
Ube2a,0.13070539419087138,0.13111012603847474,0.07186340213224165
Ube2b,0.40352697095435686,0.40342524648813255,0.044991658135960545
Ube2d2a,0.1441908713692946,0.1441849722697707,0.09652926839761233
Ube2d3,0.350103734439834,0.3501409365185112,0.0365136189436633
Ube2e1,0.10321576763485477,0.10330452947818178,0.02187496831257275
Ube2e3,0.14730290456431536,0.14752827137415445,0.06264713672592012
Ube2l3,0.13848547717842324,0.13875508535697617,0.051192575380328495
Ube2r2,0.10684647302904564,0.10737099382826233,0.1220059272854478
Ubl5,0.387448132780083,0.38879851640585156,0.07732514164216468
Ubxn1,0.21887966804979253,0.21893719104837028,0.03613336834892393
Ucp2,0.21991701244813278,0.22327012775739805,0.3233727193863778
Ufc1,0.13537344398340248,0.13565888797744338,0.07131325697712969
Ufm1,0.12966804979253113,0.12964271339202119,0.04617682092617005
Ugp2,0.10477178423236515,0.10405594065114422,0.11109300625230537
Uqcc2,0.1524896265560166,0.1522000331556993,0.08005733216774655
Uqcc3,0.1441908713692946,0.14483193661699567,0.11854342207131018
Uqcr10,0.6364107883817427,0.6370280433625384,0.08979072207391663
Uqcr11,0.5036307053941909,0.5039272849683614,0.1020866991133554
Uqcrb,0.6094398340248963,0.6106301836992047,0.06582445138555797
Uqcrc1,0.2354771784232365,0.23545235067217593,0.18648130809190752
Uqcrc2,0.21680497925311204,0.2167726873395171,0.15294294071636322
Uqcrfs1,0.3257261410788382,0.32533357700216264,0.16824253202579628
Uqcrh,0.7152489626556017,0.715643308239093,0.04588183841888691
Uqcrq,0.4605809128630705,0.460424197884143,0.12970114738007452
Use1,0.24948132780082988,0.2501639288573093,0.059069252034793164
Usmg5,0.6592323651452282,0.659328984648341,0.08945825895226146
Vamp3,0.11670124481327801,0.11727962632780047,0.1677906292382101
Vamp5,0.10736514522821576,0.10818826247255214,0.24052691088150677
Vamp8,0.20383817427385892,0.20456953285790855,0.08234149059879234
Vapa,0.1229253112033195,0.1226888815284387,0.03514710918996268
Vapb,0.11255186721991702,0.11269951661329032,0.05655038766662444
Vasp,0.1675311203319502,0.16868523583528225,0.1344307939946788
Vat1,0.1607883817427386,0.16177740558814258,0.11656557608018699
Vbp1,0.11514522821576763,0.11527424122084307,0.029853156329962983
Vcam1,0.1312240663900415,0.13132718522001155,0.07690343622009108
Vcp,0.24533195020746887,0.24507832867614462,0.020324858316938442
Vdac1,0.16597510373443983,0.16546497939756813,0.16763991510964282
Vdac2,0.25570539419087135,0.2555953334346566,0.08551104734573074
Vdac3,0.17427385892116182,0.17422376714861854,0.10974607414514077
Vim,0.7619294605809128,0.7621446870750098,0.055145707830078494
Vkorc1,0.1270746887966805,0.1261562795152137,0.172858971099447
Vps29,0.1395228215767635,0.13976820498134543,0.025132420878210902
Vps35,0.11514522821576763,0.1154305587923657,0.07537233130110524
Wbp2,0.10684647302904564,0.10689607571562182,0.03715449628633861
Wdr1,0.10840248962655602,0.10878683626557277,0.07056673028795442
Wdr83os,0.1654564315352697,0.16596680197064062,0.0660202916142137
Wdr89,0.13018672199170125,0.13045192531023558,0.09830547514927906
Wipi1,0.10892116182572614,0.10799695401880492,0.1566483721277197
Wsb1,0.16234439834024897,0.16241557616963867,0.1546260886578289
Xbp1,0.14159751037344398,0.1423012380533957,0.16695110549112308
Xist,0.2697095435684647,0.2702742533783039,0.054486092919363474
Ybx1,0.2899377593360996,0.29002854076342693,0.060702717407071664
Yif1a,0.1229253112033195,0.12285385961797408,0.09328185417907547
Yipf3,0.13174273858921162,0.1316891872696728,0.03188308828231829
Ypel3,0.31431535269709543,0.3140880826540371,0.0506457439862945
Ywhab,0.4470954356846473,0.44882990385838994,0.09846322125569808
Ywhae,0.24221991701244813,0.24254270799625463,0.04586160423021266
Ywhah,0.19398340248962656,0.1944926617228189,0.06399506471601342
Ywhaq,0.20176348547717843,0.20173719470032478,0.06144209624229344
Ywhaz,0.17531120331950206,0.17513913722692198,0.022597783357593812
Zcrb1,0.15975103734439833,0.16014777181146345,0.06617620201165852
Zfand3,0.1037344398340249,0.1037641713934047,0.02883852153244447
Zfand5,0.11825726141078838,0.11873515722504657,0.11846525221189123
Zfand6,0.10529045643153527,0.10600780924686072,0.1876957580646732
Zfas1,0.3112033195020747,0.31206782676281775,0.08135144911287034
Zfp207,0.11358921161825726,0.11373707121043497,0.149938328946097
Zfp36,0.22769709543568464,0.22857275116680786,0.07552646962906207
Zfp36l1,0.11410788381742738,0.11513215311596232,0.2123799427477652
Zfp706,0.2842323651452282,0.28413036174885375,0.0490390853658364
Zyx,0.4450207468879668,0.44397446043676897,0.08019398449086958
mt-Co1,0.9652489626556017,0.9655908055523015,0.010549009216958954
mt-Cytb,0.9989626556016598,0.998976391351434,0.00020544201343776163
mt-Nd1,0.9968879668049793,0.996921318827567,0.000744792960444987
mt-Nd2,0.9403526970954357,0.9410243575155617,0.018089882752693066
mt-Nd3,0.4004149377593361,0.40104097333609584,0.09548481899392827
mt-Nd4,0.9906639004149378,0.9907455777088285,0.002493292728945849
mt-Nd5,0.7479253112033195,0.7493940062161906,0.06328264403800653
mt-Rnr1,0.858402489626556,0.8590385163653772,0.026355483174346515
mt-Rnr2,0.9802904564315352,0.980412082027576,0.0036235463535294614
